"Source:","C:\Users\Admin\OneDrive\TTI_Files\ST_Node\Hardware\ST-Node-V0.1\ST-Node-V0.1.sch"
"Date:","4/28/2020 2:30:32 PM"
"Tool:","Eeschema (5.1.5)-3"
"Generator:","C:\Program Files\KiCad\bin\scripting\plugins/bom_csv_grouped_by_value.py"
"Component Count:","99"

"Individual Components:"

"Item","Qty","Reference(s)","Value","LibPart","Footprint","Datasheet","MPN"
"","","AE1","Dual_Band_868/915","Device:Antenna_Chip","","~","1002232"
"","","BT1","AA_Cell","Device:Battery_Cell","","~",""
"","","BT2","AA_Cell","Device:Battery_Cell","","~",""
"","","C1","10uF","Device:C","","~",""
"","","C2","100nF","Device:C","","~",""
"","","C3","10uF","Device:C","","~",""
"","","C4","4.7uF","Device:C","","~",""
"","","C5","10uF","Device:C","","~",""
"","","C6","10uF","Device:C","","~",""
"","","C7","4.7uF","Device:C","","~",""
"","","C8","5.1pF","Device:C_Small","","~","CC0402CRNPO9BN5R1"
"","","C9","5.1pF","Device:C_Small","","~","CC0402CRNPO9BN5R1"
"","","C10","100nF","Device:C_Small","","~","CC0402KRX7R7BB104"
"","","C11","100nF","Device:C_Small","","~","CC0402KRX7R7BB104"
"","","C12","47pF","Device:C_Small","","~","CC0402JRNPO9BN470"
"","","C13","33pF","Device:C_Small","","~","CC0402GRNPO9BN330"
"","","C14","100nF","Device:C_Small","","~","CC0402KRX7R7BB104"
"","","C15","100nF","Device:C_Small","","~","CC0402KRX7R7BB104"
"","","C16","100nF","Device:C_Small","","~","CC0402KRX7R7BB104"
"","","C17","100nF","Device:C_Small","","~","CC0402KRX7R7BB104"
"","","C18","33pF","Device:C_Small","","~","CC0402GRNPO9BN330"
"","","C19","10nF","Device:C_Small","","~","CC0402KRX7R7BB103"
"","","C20","33pF","Device:C_Small","","~","CC0402GRNPO9BN330"
"","","C21","470nF","Device:C_Small","","~","CC0603KRX7R7BB474"
"","","C22","4.7uF","Device:C","","~","CC0603KRX5R7BB475"
"","","C23","2.7pF","Device:C_Small","","~","CC0402BRNPO9BN2R7"
"","","C24","3.6pF","Device:C_Small","","~","CC0402BRNPO9BN3R6"
"","","C25","47nF","Device:C_Small","","~","CC0402KRX7R8BB473"
"","","C26","1pF","Device:C_Small","","~","CC0402BRNPO9BN1R0"
"","","C27","68nF","Device:C_Small","","~","CC0402JRNPO9BN680"
"","","C28","33pF","Device:C_Small","","~","CC0402JRNPO9BN330"
"","","C29","33pF","Device:C_Small","","~","CC0402JRNPO9BN330"
"","","C30","6.8pF","Device:C_Small","","~","CC0402BRNPO9BN6R8"
"","","C31","5.6pF","Device:C_Small","","~","CC0402BRNPO9BN5R6"
"","","C32","2.4pF","Device:C_Small","","~","CC0402BRNPO9BN2R4"
"","","C33","2.7pF","Device:C_Small","","~","CC0402BRNPO9BN2R7"
"","","C34","3.9pF","Device:C_Small","","~","CC0402BRNPO9BN3R9"
"","","C35","3.3pF","Device:C_Small","","~","CC0402BRNPO9BN3R3"
"","","C36","33pF","Device:C_Small","","~","CC0402JRNPO9BN330"
"","","C37","33pF","Device:C_Small","","~","CC0402JRNPO9BN330"
"","","C38","2.7pF","Device:C_Small","","~","CC0402BRNPO9BN2R7"
"","","C39","1.3pF","Device:C_Small","","~","CC0402BRNPO9BN1R3"
"","","C40","1nF","Device:C_Small","","~","CC0402KRX7R7BB102"
"","","C41","1nF","Device:C_Small","","~","CC0402KRX7R7BB102"
"","","C42","1nF","Device:C_Small","","~","CC0402KRX7R7BB102"
"","","C43","33pF","Device:C_Small","","~","CC0402JRNPO9BN330"
"","","C44","33pF","Device:C_Small","","~","CC0402JRNPO9BN330"
"","","C45","3.3pF","Device:C_Small","","~","CC0402BRNPO9BN3R3"
"","","C46","100nF","Device:C_Small","","~","CC0402KRX7R7BB104"
"","","C47","3.3pF","Device:C_Small","","~","CC0402BRNPO9BN3R3"
"","","C48","100nF","Device:C_Small","","~","CC0402KRX7R7BB104"
"","","D1","3.3V","Device:D_Zener_ALT","","~",""
"","","F1","1A","Device:Polyfuse","","~",""
"","","FB1","Ferrite_Bead","Device:Ferrite_Bead","","~","BLM15HG102SN1#"
"","","J1","U.FL-R-SMT-1","Connector:Conn_Coaxial",""," ~","U.FL-R-SMT-1"
"","","JP1","1.8V","Jumper:SolderJumper_2_Open","","~",""
"","","JP2","2.0V","Jumper:SolderJumper_2_Open","","~",""
"","","JP3","TBD","Jumper:SolderJumper_2_Open","","~",""
"","","L1","2.2uH","Device:L_Core_Ferrite","node-lib-v1:L_0806","~","TFM201610GHM-2R2MTAA"
"","","L2","15uH","Device:L","","~","MLZ2012M150W"
"","","L3","3.6nH","Device:L_Small","","~","LQW15AN3N6C10"
"","","L4","3.3nH","Device:L_Small","","~","LQW15AN3N3D10"
"","","L5","11nH","Device:L_Small","","~","LQW15AN11NG00"
"","","L6","47nH","Device:L_Small","","~","LQW15AN47NJ00#"
"","","L7","47nH","Device:L_Small","","~","LQW15AN47NJ00#"
"","","L8","3.3nH","Device:L_Small","","~","LQW15AN3N3D10"
"","","L9","3.3nH","Device:L_Small","","~","LQW15AN3N3D10"
"","","L10","6.8nH","Device:L_Small","","~","LQW15AN6N8H00"
"","","L11","8.7nH","Device:L_Small","","~","LQW15AN8N7H00"
"","","L12","8.7nH","Device:L_Small","","~","LQW15AN8N7H00"
"","","Q1","BSS138","Transistor_FET:BSS138","Package_TO_SOT_SMD:SOT-23","https://www.fairchildsemi.com/datasheets/BS/BSS138.pdf",""
"","","Q2","Q_PMOS_GSD","Device:Q_PMOS_GSD","","~",""
"","","Q3","TP0610T","Transistor_FET:TP0610T","Package_TO_SOT_SMD:SOT-23","http://www.vishay.com/docs/70209/70209.pdf",""
"","","R1","100K","Device:R","","~",""
"","","R2","1M","Device:R","","~",""
"","","R3","100K","Device:R","","~",""
"","","R4","100K","Device:R","","~",""
"","","R5","1K74","Device:R","","~",""
"","","R6","DNM","Device:R","","~",""
"","","R7","0R","Device:R_Small","","~","RC0402JR-070RL"
"","","R8","0R","Device:R_Small","","~","RC0402JR-070RL"
"","","R9","100R","Device:R_Small","","~","RC0402FR-07100RL"
"","","R10","100R","Device:R_Small","","~","RC0402FR-07100RL"
"","","R11","100R","Device:R_Small","","~","RC0402FR-07100RL"
"","","R12","0R","Device:R_Small","","~","RC0402JR-070RL"
"","","U1","TPS62840DLC","node-lib-v1:TPS62840DLC","node-lib-v1:SON-8-1.5x2mm_P0.5mm","https://www.ti.com/lit/gpn/TPS62840",""
"","","U2","TPS22917DBV","Power_Management:TPS22917DBV","Package_TO_SOT_SMD:SOT-23-6","http://www.ti.com/lit/ds/symlink/tps22917.pdf",""
"","","U3","TPS22917DBV","Power_Management:TPS22917DBV","Package_TO_SOT_SMD:SOT-23-6","http://www.ti.com/lit/ds/symlink/tps22917.pdf",""
"","","U4","TPS22917DBV","Power_Management:TPS22917DBV","Package_TO_SOT_SMD:SOT-23-6","http://www.ti.com/lit/ds/symlink/tps22917.pdf",""
"","","U5","STM32WLxx_QFN48","node-lib-v1:STM32WLxx_QFN48","","https://www.st.com/resource/en/datasheet/stm32wle5jc.pdf",""
"","","U6","NX3L1T3157GM","node-lib-v1:NX3L1T3157GM","","",""
"","","U7","NX3L1T3157GM","node-lib-v1:NX3L1T3157GM","","",""
"","","U8","ADG918BCPZ","RF_Switch:ADG918BCPZ","Package_CSP:LFCSP-8-1EP_3x3mm_P0.5mm_EP1.45x1.74mm","https://www.analog.com/media/en/technical-documentation/data-sheets/ADG918_919.pdf",""
"","","U9","BGS13S4N9","node-lib-v1:BGS13S4N9","","",""
"","","U10","LIS2DW12","Sensor_Motion:LIS2DE12","Package_LGA:LGA-12_2x2mm_P0.5mm","","LIS2DW12"
"","","U11","SHTC3","Sensor_Humidity:Si7020-A20","Package_DFN_QFN:DFN-6-1EP_3x3mm_P1mm_EP1.5x2.4mm","","SHTC3"
"","","U12","LSM6DSO","Sensor_Motion:LSM6DS3","Package_LGA:LGA-14_3x2.5mm_P0.5mm_LayoutBorder3x4y","www.st.com/resource/en/datasheet/lsm6ds3.pdf",""
"","","X1","TCXO 32MHz","Oscillator:VTCXO-14","Oscillator:Oscillator_DIP-14","","NT2016SA-32M-END4263A"
"","","Y1","32.768KHz","Device:Crystal","","~","NX2012SA 32.768KHz"



"Collated Components:"

"Item","Qty","Reference(s)","Value","LibPart","Footprint","Datasheet","MPN"
"1","1","AE1","Dual_Band_868/915","Device:Antenna_Chip","","~","1002232"
"2","2","BT1, BT2","AA_Cell","Device:Battery_Cell","","~",""
"3","4","C1, C3, C5, C6","10uF","Device:C","","~",""
"4","1","C2","100nF","Device:C","","~",""
"5","3","C4, C7, C22","4.7uF","Device:C","","~","CC0603KRX5R7BB475"
"6","2","C8, C9","5.1pF","Device:C_Small","","~","CC0402CRNPO9BN5R1"
"7","8","C10, C11, C14, C15, C16, C17, C46, C48","100nF","Device:C_Small","","~","CC0402KRX7R7BB104"
"8","1","C12","47pF","Device:C_Small","","~","CC0402JRNPO9BN470"
"9","9","C13, C18, C20, C28, C29, C36, C37, C43, C44","33pF","Device:C_Small","","~","CC0402GRNPO9BN330"
"10","1","C19","10nF","Device:C_Small","","~","CC0402KRX7R7BB103"
"11","1","C21","470nF","Device:C_Small","","~","CC0603KRX7R7BB474"
"12","3","C23, C33, C38","2.7pF","Device:C_Small","","~","CC0402BRNPO9BN2R7"
"13","1","C24","3.6pF","Device:C_Small","","~","CC0402BRNPO9BN3R6"
"14","1","C25","47nF","Device:C_Small","","~","CC0402KRX7R8BB473"
"15","1","C26","1pF","Device:C_Small","","~","CC0402BRNPO9BN1R0"
"16","1","C27","68nF","Device:C_Small","","~","CC0402JRNPO9BN680"
"17","1","C30","6.8pF","Device:C_Small","","~","CC0402BRNPO9BN6R8"
"18","1","C31","5.6pF","Device:C_Small","","~","CC0402BRNPO9BN5R6"
"19","1","C32","2.4pF","Device:C_Small","","~","CC0402BRNPO9BN2R4"
"20","1","C34","3.9pF","Device:C_Small","","~","CC0402BRNPO9BN3R9"
"21","3","C35, C45, C47","3.3pF","Device:C_Small","","~","CC0402BRNPO9BN3R3"
"22","1","C39","1.3pF","Device:C_Small","","~","CC0402BRNPO9BN1R3"
"23","3","C40, C41, C42","1nF","Device:C_Small","","~","CC0402KRX7R7BB102"
"24","1","D1","3.3V","Device:D_Zener_ALT","","~",""
"25","1","F1","1A","Device:Polyfuse","","~",""
"26","1","FB1","Ferrite_Bead","Device:Ferrite_Bead","","~","BLM15HG102SN1#"
"27","1","J1","U.FL-R-SMT-1","Connector:Conn_Coaxial",""," ~","U.FL-R-SMT-1"
"28","1","JP1","1.8V","Jumper:SolderJumper_2_Open","","~",""
"29","1","JP2","2.0V","Jumper:SolderJumper_2_Open","","~",""
"30","1","JP3","TBD","Jumper:SolderJumper_2_Open","","~",""
"31","1","L1","2.2uH","Device:L_Core_Ferrite","node-lib-v1:L_0806","~","TFM201610GHM-2R2MTAA"
"32","1","L2","15uH","Device:L","","~","MLZ2012M150W"
"33","1","L3","3.6nH","Device:L_Small","","~","LQW15AN3N6C10"
"34","3","L4, L8, L9","3.3nH","Device:L_Small","","~","LQW15AN3N3D10"
"35","1","L5","11nH","Device:L_Small","","~","LQW15AN11NG00"
"36","2","L6, L7","47nH","Device:L_Small","","~","LQW15AN47NJ00#"
"37","1","L10","6.8nH","Device:L_Small","","~","LQW15AN6N8H00"
"38","2","L11, L12","8.7nH","Device:L_Small","","~","LQW15AN8N7H00"
"39","1","Q1","BSS138","Transistor_FET:BSS138","Package_TO_SOT_SMD:SOT-23","https://www.fairchildsemi.com/datasheets/BS/BSS138.pdf",""
"40","1","Q2","Q_PMOS_GSD","Device:Q_PMOS_GSD","","~",""
"41","1","Q3","TP0610T","Transistor_FET:TP0610T","Package_TO_SOT_SMD:SOT-23","http://www.vishay.com/docs/70209/70209.pdf",""
"42","3","R1, R3, R4","100K","Device:R","","~",""
"43","1","R2","1M","Device:R","","~",""
"44","1","R5","1K74","Device:R","","~",""
"45","1","R6","DNM","Device:R","","~",""
"46","3","R7, R8, R12","0R","Device:R_Small","","~","RC0402JR-070RL"
"47","3","R9, R10, R11","100R","Device:R_Small","","~","RC0402FR-07100RL"
"48","1","U1","TPS62840DLC","node-lib-v1:TPS62840DLC","node-lib-v1:SON-8-1.5x2mm_P0.5mm","https://www.ti.com/lit/gpn/TPS62840",""
"49","3","U2, U3, U4","TPS22917DBV","Power_Management:TPS22917DBV","Package_TO_SOT_SMD:SOT-23-6","http://www.ti.com/lit/ds/symlink/tps22917.pdf",""
"50","1","U5","STM32WLxx_QFN48","node-lib-v1:STM32WLxx_QFN48","","https://www.st.com/resource/en/datasheet/stm32wle5jc.pdf",""
"51","2","U6, U7","NX3L1T3157GM","node-lib-v1:NX3L1T3157GM","","",""
"52","1","U8","ADG918BCPZ","RF_Switch:ADG918BCPZ","Package_CSP:LFCSP-8-1EP_3x3mm_P0.5mm_EP1.45x1.74mm","https://www.analog.com/media/en/technical-documentation/data-sheets/ADG918_919.pdf",""
"53","1","U9","BGS13S4N9","node-lib-v1:BGS13S4N9","","",""
"54","1","U10","LIS2DW12","Sensor_Motion:LIS2DE12","Package_LGA:LGA-12_2x2mm_P0.5mm","","LIS2DW12"
"55","1","U11","SHTC3","Sensor_Humidity:Si7020-A20","Package_DFN_QFN:DFN-6-1EP_3x3mm_P1mm_EP1.5x2.4mm","","SHTC3"
"56","1","U12","LSM6DSO","Sensor_Motion:LSM6DS3","Package_LGA:LGA-14_3x2.5mm_P0.5mm_LayoutBorder3x4y","www.st.com/resource/en/datasheet/lsm6ds3.pdf",""
"57","1","X1","TCXO 32MHz","Oscillator:VTCXO-14","Oscillator:Oscillator_DIP-14","","NT2016SA-32M-END4263A"
"58","1","Y1","32.768KHz","Device:Crystal","","~","NX2012SA 32.768KHz"
