<?xml version="1.0" encoding="UTF-8"?>
<export version="D">
  <design>
    <source>C:\Users\Admin\OneDrive\TTI_Files\ST_Node\Hardware\ST-Node-V0.1\ST-Node-V0.1.sch</source>
    <date>4/28/2020 2:30:32 PM</date>
    <tool>Eeschema (5.1.5)-3</tool>
    <sheet number="1" name="/" tstamps="/">
      <title_block>
        <title>ST LoRA Node</title>
        <company>The Things Industries</company>
        <rev>0.1</rev>
        <date>2020-04-07</date>
        <source>ST-Node-V0.1.sch</source>
        <comment number="1" value="https://www.thethingsindustries.com/"/>
        <comment number="2" value="Drawn by: Orkhan Amiraslanov (azerimaker)"/>
        <comment number="3" value=""/>
        <comment number="4" value=""/>
      </title_block>
    </sheet>
    <sheet number="2" name="/Power Supply/" tstamps="/5E90D709/">
      <title_block>
        <title>Power Supply</title>
        <company>The Things Industries</company>
        <rev/>
        <date>2020-04-07</date>
        <source>power-supply.sch</source>
        <comment number="1" value="https://www.thethingsindustries.com/"/>
        <comment number="2" value="Drawn by: Orkhan Amiraslanov (azerimaker)"/>
        <comment number="3" value=""/>
        <comment number="4" value=""/>
      </title_block>
    </sheet>
    <sheet number="3" name="/LoRa MCU/" tstamps="/5EA70AC3/">
      <title_block>
        <title/>
        <company/>
        <rev/>
        <date>2020-04-27</date>
        <source>LoRa-MCU.sch</source>
        <comment number="1" value=""/>
        <comment number="2" value=""/>
        <comment number="3" value=""/>
        <comment number="4" value=""/>
      </title_block>
    </sheet>
    <sheet number="4" name="/Sensors/" tstamps="/5EB1DE63/">
      <title_block>
        <title/>
        <company/>
        <rev/>
        <date/>
        <source>sensors.sch</source>
        <comment number="1" value=""/>
        <comment number="2" value=""/>
        <comment number="3" value=""/>
        <comment number="4" value=""/>
      </title_block>
    </sheet>
  </design>
  <components>
    <comp ref="Q2">
      <value>Q_PMOS_GSD</value>
      <datasheet>~</datasheet>
      <libsource lib="Device" part="Q_PMOS_GSD" description="P-MOSFET transistor, gate/source/drain"/>
      <sheetpath names="/Power Supply/" tstamps="/5E90D709/"/>
      <tstamp>5E90F467</tstamp>
    </comp>
    <comp ref="C1">
      <value>10uF</value>
      <datasheet>~</datasheet>
      <libsource lib="Device" part="C" description="Unpolarized capacitor"/>
      <sheetpath names="/Power Supply/" tstamps="/5E90D709/"/>
      <tstamp>5E91788E</tstamp>
    </comp>
    <comp ref="F1">
      <value>1A</value>
      <datasheet>~</datasheet>
      <libsource lib="Device" part="Polyfuse" description="Resettable fuse, polymeric positive temperature coefficient"/>
      <sheetpath names="/Power Supply/" tstamps="/5E90D709/"/>
      <tstamp>5E92FEC6</tstamp>
    </comp>
    <comp ref="BT1">
      <value>AA_Cell</value>
      <datasheet>~</datasheet>
      <libsource lib="Device" part="Battery_Cell" description="Single-cell battery"/>
      <sheetpath names="/Power Supply/" tstamps="/5E90D709/"/>
      <tstamp>5E90E456</tstamp>
    </comp>
    <comp ref="BT2">
      <value>AA_Cell</value>
      <datasheet>~</datasheet>
      <libsource lib="Device" part="Battery_Cell" description="Single-cell battery"/>
      <sheetpath names="/Power Supply/" tstamps="/5E90D709/"/>
      <tstamp>5E90D875</tstamp>
    </comp>
    <comp ref="U3">
      <value>TPS22917DBV</value>
      <footprint>Package_TO_SOT_SMD:SOT-23-6</footprint>
      <datasheet>http://www.ti.com/lit/ds/symlink/tps22917.pdf</datasheet>
      <libsource lib="Power_Management" part="TPS22917DBV" description="1V to 5.5V, 2A, 80mΩ Ultra-Low Leakage Load Switch, SOT23-6"/>
      <sheetpath names="/Power Supply/" tstamps="/5E90D709/"/>
      <tstamp>5E94B9D4</tstamp>
    </comp>
    <comp ref="U4">
      <value>TPS22917DBV</value>
      <footprint>Package_TO_SOT_SMD:SOT-23-6</footprint>
      <datasheet>http://www.ti.com/lit/ds/symlink/tps22917.pdf</datasheet>
      <libsource lib="Power_Management" part="TPS22917DBV" description="1V to 5.5V, 2A, 80mΩ Ultra-Low Leakage Load Switch, SOT23-6"/>
      <sheetpath names="/Power Supply/" tstamps="/5E90D709/"/>
      <tstamp>5E94C45D</tstamp>
    </comp>
    <comp ref="Q1">
      <value>BSS138</value>
      <footprint>Package_TO_SOT_SMD:SOT-23</footprint>
      <datasheet>https://www.fairchildsemi.com/datasheets/BS/BSS138.pdf</datasheet>
      <libsource lib="Transistor_FET" part="BSS138" description="50V Vds, 0.22A Id, N-Channel MOSFET, SOT-23"/>
      <sheetpath names="/Power Supply/" tstamps="/5E90D709/"/>
      <tstamp>5E94F1D5</tstamp>
    </comp>
    <comp ref="Q3">
      <value>TP0610T</value>
      <footprint>Package_TO_SOT_SMD:SOT-23</footprint>
      <datasheet>http://www.vishay.com/docs/70209/70209.pdf</datasheet>
      <libsource lib="Transistor_FET" part="TP0610T" description="-0.18A Id, -60V Vds, P-Channel MOSFET, SOT-23"/>
      <sheetpath names="/Power Supply/" tstamps="/5E90D709/"/>
      <tstamp>5E951826</tstamp>
    </comp>
    <comp ref="D1">
      <value>3.3V</value>
      <datasheet>~</datasheet>
      <libsource lib="Device" part="D_Zener_ALT" description="Zener diode, filled shape"/>
      <sheetpath names="/Power Supply/" tstamps="/5E90D709/"/>
      <tstamp>5E9527E4</tstamp>
    </comp>
    <comp ref="R4">
      <value>100K</value>
      <datasheet>~</datasheet>
      <libsource lib="Device" part="R" description="Resistor"/>
      <sheetpath names="/Power Supply/" tstamps="/5E90D709/"/>
      <tstamp>5E95310E</tstamp>
    </comp>
    <comp ref="R3">
      <value>100K</value>
      <datasheet>~</datasheet>
      <libsource lib="Device" part="R" description="Resistor"/>
      <sheetpath names="/Power Supply/" tstamps="/5E90D709/"/>
      <tstamp>5E955C92</tstamp>
    </comp>
    <comp ref="R2">
      <value>1M</value>
      <datasheet>~</datasheet>
      <libsource lib="Device" part="R" description="Resistor"/>
      <sheetpath names="/Power Supply/" tstamps="/5E90D709/"/>
      <tstamp>5E95BAD6</tstamp>
    </comp>
    <comp ref="R1">
      <value>100K</value>
      <datasheet>~</datasheet>
      <libsource lib="Device" part="R" description="Resistor"/>
      <sheetpath names="/Power Supply/" tstamps="/5E90D709/"/>
      <tstamp>5E969D91</tstamp>
    </comp>
    <comp ref="C2">
      <value>100nF</value>
      <datasheet>~</datasheet>
      <libsource lib="Device" part="C" description="Unpolarized capacitor"/>
      <sheetpath names="/Power Supply/" tstamps="/5E90D709/"/>
      <tstamp>5E9710F2</tstamp>
    </comp>
    <comp ref="U1">
      <value>TPS62840DLC</value>
      <footprint>node-lib-v1:SON-8-1.5x2mm_P0.5mm</footprint>
      <datasheet>https://www.ti.com/lit/gpn/TPS62840</datasheet>
      <libsource lib="node-lib-v1" part="TPS62840DLC" description="1.8 V to 3.3 V in 100-mV steps - 750mA Step-Down Converter with DCS-Control, adjustable output, 60 nA ultra-low operating quiescent 1.8-6.5V input voltage, SON-8"/>
      <sheetpath names="/Power Supply/" tstamps="/5E90D709/"/>
      <tstamp>5E9F735C</tstamp>
    </comp>
    <comp ref="L1">
      <value>2.2uH</value>
      <footprint>node-lib-v1:L_0806</footprint>
      <datasheet>~</datasheet>
      <fields>
        <field name="MPN">TFM201610GHM-2R2MTAA</field>
      </fields>
      <libsource lib="Device" part="L_Core_Ferrite" description="Inductor with ferrite core"/>
      <sheetpath names="/Power Supply/" tstamps="/5E90D709/"/>
      <tstamp>5E9F8897</tstamp>
    </comp>
    <comp ref="C4">
      <value>4.7uF</value>
      <datasheet>~</datasheet>
      <libsource lib="Device" part="C" description="Unpolarized capacitor"/>
      <sheetpath names="/Power Supply/" tstamps="/5E90D709/"/>
      <tstamp>5E9FD0EE</tstamp>
    </comp>
    <comp ref="C3">
      <value>10uF</value>
      <datasheet>~</datasheet>
      <libsource lib="Device" part="C" description="Unpolarized capacitor"/>
      <sheetpath names="/Power Supply/" tstamps="/5E90D709/"/>
      <tstamp>5E9FD462</tstamp>
    </comp>
    <comp ref="JP1">
      <value>1.8V</value>
      <datasheet>~</datasheet>
      <libsource lib="Jumper" part="SolderJumper_2_Open" description="Solder Jumper, 2-pole, open"/>
      <sheetpath names="/Power Supply/" tstamps="/5E90D709/"/>
      <tstamp>5EA17CE9</tstamp>
    </comp>
    <comp ref="JP2">
      <value>2.0V</value>
      <datasheet>~</datasheet>
      <libsource lib="Jumper" part="SolderJumper_2_Open" description="Solder Jumper, 2-pole, open"/>
      <sheetpath names="/Power Supply/" tstamps="/5E90D709/"/>
      <tstamp>5EA1942A</tstamp>
    </comp>
    <comp ref="JP3">
      <value>TBD</value>
      <datasheet>~</datasheet>
      <libsource lib="Jumper" part="SolderJumper_2_Open" description="Solder Jumper, 2-pole, open"/>
      <sheetpath names="/Power Supply/" tstamps="/5E90D709/"/>
      <tstamp>5EA19801</tstamp>
    </comp>
    <comp ref="R5">
      <value>1K74</value>
      <datasheet>~</datasheet>
      <libsource lib="Device" part="R" description="Resistor"/>
      <sheetpath names="/Power Supply/" tstamps="/5E90D709/"/>
      <tstamp>5EA1A3C5</tstamp>
    </comp>
    <comp ref="R6">
      <value>DNM</value>
      <datasheet>~</datasheet>
      <libsource lib="Device" part="R" description="Resistor"/>
      <sheetpath names="/Power Supply/" tstamps="/5E90D709/"/>
      <tstamp>5EA1AEA3</tstamp>
    </comp>
    <comp ref="C5">
      <value>10uF</value>
      <datasheet>~</datasheet>
      <libsource lib="Device" part="C" description="Unpolarized capacitor"/>
      <sheetpath names="/Power Supply/" tstamps="/5E90D709/"/>
      <tstamp>5EA338F4</tstamp>
    </comp>
    <comp ref="C6">
      <value>10uF</value>
      <datasheet>~</datasheet>
      <libsource lib="Device" part="C" description="Unpolarized capacitor"/>
      <sheetpath names="/Power Supply/" tstamps="/5E90D709/"/>
      <tstamp>5EA33F1C</tstamp>
    </comp>
    <comp ref="C7">
      <value>4.7uF</value>
      <datasheet>~</datasheet>
      <libsource lib="Device" part="C" description="Unpolarized capacitor"/>
      <sheetpath names="/Power Supply/" tstamps="/5E90D709/"/>
      <tstamp>5EA345D6</tstamp>
    </comp>
    <comp ref="U2">
      <value>TPS22917DBV</value>
      <footprint>Package_TO_SOT_SMD:SOT-23-6</footprint>
      <datasheet>http://www.ti.com/lit/ds/symlink/tps22917.pdf</datasheet>
      <libsource lib="Power_Management" part="TPS22917DBV" description="1V to 5.5V, 2A, 80mΩ Ultra-Low Leakage Load Switch, SOT23-6"/>
      <sheetpath names="/Power Supply/" tstamps="/5E90D709/"/>
      <tstamp>5EA88D0A</tstamp>
    </comp>
    <comp ref="U5">
      <value>STM32WLxx_QFN48</value>
      <datasheet>https://www.st.com/resource/en/datasheet/stm32wle5jc.pdf</datasheet>
      <libsource lib="node-lib-v1" part="STM32WLxx_QFN48" description="Ultra-low-power, Dual-Core Arm® Cortex®-M4 and M0+ @48 MHz with 256 Kbytes of Flash memory, 64 Kbytes of SRAM. LoRa®, (G)FSK, (G)MSK, BPSK modulations. AES 256-bit"/>
      <sheetpath names="/LoRa MCU/" tstamps="/5EA70AC3/"/>
      <tstamp>5EA76256</tstamp>
    </comp>
    <comp ref="L3">
      <value>3.6nH</value>
      <datasheet>~</datasheet>
      <fields>
        <field name="MPN">LQW15AN3N6C10</field>
      </fields>
      <libsource lib="Device" part="L_Small" description="Inductor, small symbol"/>
      <sheetpath names="/LoRa MCU/" tstamps="/5EA70AC3/"/>
      <tstamp>5EA79E2B</tstamp>
    </comp>
    <comp ref="L4">
      <value>3.3nH</value>
      <datasheet>~</datasheet>
      <fields>
        <field name="MPN">LQW15AN3N3D10</field>
      </fields>
      <libsource lib="Device" part="L_Small" description="Inductor, small symbol"/>
      <sheetpath names="/LoRa MCU/" tstamps="/5EA70AC3/"/>
      <tstamp>5EA7A4AD</tstamp>
    </comp>
    <comp ref="U8">
      <value>ADG918BCPZ</value>
      <footprint>Package_CSP:LFCSP-8-1EP_3x3mm_P0.5mm_EP1.45x1.74mm</footprint>
      <datasheet>https://www.analog.com/media/en/technical-documentation/data-sheets/ADG918_919.pdf</datasheet>
      <libsource lib="RF_Switch" part="ADG918BCPZ" description="SPDT DC-4GHz absorbative switch, 43dB isolation at 1GHz, LFCSP-8"/>
      <sheetpath names="/LoRa MCU/" tstamps="/5EA70AC3/"/>
      <tstamp>5EA7B6C7</tstamp>
    </comp>
    <comp ref="C25">
      <value>47nF</value>
      <datasheet>~</datasheet>
      <fields>
        <field name="MPN">CC0402KRX7R8BB473</field>
      </fields>
      <libsource lib="Device" part="C_Small" description="Unpolarized capacitor, small symbol"/>
      <sheetpath names="/LoRa MCU/" tstamps="/5EA70AC3/"/>
      <tstamp>5EA82E59</tstamp>
    </comp>
    <comp ref="C27">
      <value>68nF</value>
      <datasheet>~</datasheet>
      <fields>
        <field name="MPN">CC0402JRNPO9BN680</field>
      </fields>
      <libsource lib="Device" part="C_Small" description="Unpolarized capacitor, small symbol"/>
      <sheetpath names="/LoRa MCU/" tstamps="/5EA70AC3/"/>
      <tstamp>5EA83310</tstamp>
    </comp>
    <comp ref="C23">
      <value>2.7pF</value>
      <datasheet>~</datasheet>
      <fields>
        <field name="MPN">CC0402BRNPO9BN2R7</field>
      </fields>
      <libsource lib="Device" part="C_Small" description="Unpolarized capacitor, small symbol"/>
      <sheetpath names="/LoRa MCU/" tstamps="/5EA70AC3/"/>
      <tstamp>5EA8F784</tstamp>
    </comp>
    <comp ref="L5">
      <value>11nH</value>
      <datasheet>~</datasheet>
      <fields>
        <field name="MPN">LQW15AN11NG00</field>
      </fields>
      <libsource lib="Device" part="L_Small" description="Inductor, small symbol"/>
      <sheetpath names="/LoRa MCU/" tstamps="/5EA70AC3/"/>
      <tstamp>5EA90E42</tstamp>
    </comp>
    <comp ref="C24">
      <value>3.6pF</value>
      <datasheet>~</datasheet>
      <fields>
        <field name="MPN">CC0402BRNPO9BN3R6</field>
      </fields>
      <libsource lib="Device" part="C_Small" description="Unpolarized capacitor, small symbol"/>
      <sheetpath names="/LoRa MCU/" tstamps="/5EA70AC3/"/>
      <tstamp>5EA91261</tstamp>
    </comp>
    <comp ref="C26">
      <value>1pF</value>
      <datasheet>~</datasheet>
      <fields>
        <field name="MPN">CC0402BRNPO9BN1R0</field>
      </fields>
      <libsource lib="Device" part="C_Small" description="Unpolarized capacitor, small symbol"/>
      <sheetpath names="/LoRa MCU/" tstamps="/5EA70AC3/"/>
      <tstamp>5EA9185F</tstamp>
    </comp>
    <comp ref="U6">
      <value>NX3L1T3157GM</value>
      <libsource lib="node-lib-v1" part="NX3L1T3157GM" description=""/>
      <sheetpath names="/LoRa MCU/" tstamps="/5EA70AC3/"/>
      <tstamp>5EA96694</tstamp>
    </comp>
    <comp ref="U9">
      <value>BGS13S4N9</value>
      <libsource lib="node-lib-v1" part="BGS13S4N9" description=""/>
      <sheetpath names="/LoRa MCU/" tstamps="/5EA70AC3/"/>
      <tstamp>5EA970BD</tstamp>
    </comp>
    <comp ref="J1">
      <value>U.FL-R-SMT-1</value>
      <datasheet> ~</datasheet>
      <fields>
        <field name="MPN">U.FL-R-SMT-1</field>
      </fields>
      <libsource lib="Connector" part="Conn_Coaxial" description="coaxial connector (BNC, SMA, SMB, SMC, Cinch/RCA, ...)"/>
      <sheetpath names="/LoRa MCU/" tstamps="/5EA70AC3/"/>
      <tstamp>5EAA0081</tstamp>
    </comp>
    <comp ref="AE1">
      <value>Dual_Band_868/915</value>
      <datasheet>~</datasheet>
      <fields>
        <field name="MPN">1002232</field>
      </fields>
      <libsource lib="Device" part="Antenna_Chip" description="Ceramic chip antenna with pin for PCB trace"/>
      <sheetpath names="/LoRa MCU/" tstamps="/5EA70AC3/"/>
      <tstamp>5EAA0A41</tstamp>
    </comp>
    <comp ref="C43">
      <value>33pF</value>
      <datasheet>~</datasheet>
      <fields>
        <field name="MPN">CC0402JRNPO9BN330</field>
      </fields>
      <libsource lib="Device" part="C_Small" description="Unpolarized capacitor, small symbol"/>
      <sheetpath names="/LoRa MCU/" tstamps="/5EA70AC3/"/>
      <tstamp>5EAA4244</tstamp>
    </comp>
    <comp ref="C44">
      <value>33pF</value>
      <datasheet>~</datasheet>
      <fields>
        <field name="MPN">CC0402JRNPO9BN330</field>
      </fields>
      <libsource lib="Device" part="C_Small" description="Unpolarized capacitor, small symbol"/>
      <sheetpath names="/LoRa MCU/" tstamps="/5EA70AC3/"/>
      <tstamp>5EAA9264</tstamp>
    </comp>
    <comp ref="C46">
      <value>100nF</value>
      <datasheet>~</datasheet>
      <fields>
        <field name="MPN">CC0402KRX7R7BB104</field>
      </fields>
      <libsource lib="Device" part="C_Small" description="Unpolarized capacitor, small symbol"/>
      <sheetpath names="/LoRa MCU/" tstamps="/5EA70AC3/"/>
      <tstamp>5EAA978D</tstamp>
    </comp>
    <comp ref="R12">
      <value>0R</value>
      <datasheet>~</datasheet>
      <fields>
        <field name="MPN">RC0402JR-070RL</field>
      </fields>
      <libsource lib="Device" part="R_Small" description="Resistor, small symbol"/>
      <sheetpath names="/LoRa MCU/" tstamps="/5EA70AC3/"/>
      <tstamp>5EAABACA</tstamp>
    </comp>
    <comp ref="C48">
      <value>100nF</value>
      <datasheet>~</datasheet>
      <fields>
        <field name="MPN">CC0402KRX7R7BB104</field>
      </fields>
      <libsource lib="Device" part="C_Small" description="Unpolarized capacitor, small symbol"/>
      <sheetpath names="/LoRa MCU/" tstamps="/5EA70AC3/"/>
      <tstamp>5EAABF49</tstamp>
    </comp>
    <comp ref="C45">
      <value>3.3pF</value>
      <datasheet>~</datasheet>
      <fields>
        <field name="MPN">CC0402BRNPO9BN3R3</field>
      </fields>
      <libsource lib="Device" part="C_Small" description="Unpolarized capacitor, small symbol"/>
      <sheetpath names="/LoRa MCU/" tstamps="/5EA70AC3/"/>
      <tstamp>5EAAF897</tstamp>
    </comp>
    <comp ref="L12">
      <value>8.7nH</value>
      <datasheet>~</datasheet>
      <fields>
        <field name="MPN">LQW15AN8N7H00</field>
      </fields>
      <libsource lib="Device" part="L_Small" description="Inductor, small symbol"/>
      <sheetpath names="/LoRa MCU/" tstamps="/5EA70AC3/"/>
      <tstamp>5EAB1E6B</tstamp>
    </comp>
    <comp ref="C47">
      <value>3.3pF</value>
      <datasheet>~</datasheet>
      <fields>
        <field name="MPN">CC0402BRNPO9BN3R3</field>
      </fields>
      <libsource lib="Device" part="C_Small" description="Unpolarized capacitor, small symbol"/>
      <sheetpath names="/LoRa MCU/" tstamps="/5EA70AC3/"/>
      <tstamp>5EAB3DDE</tstamp>
    </comp>
    <comp ref="C42">
      <value>1nF</value>
      <datasheet>~</datasheet>
      <fields>
        <field name="MPN">CC0402KRX7R7BB102</field>
      </fields>
      <libsource lib="Device" part="C_Small" description="Unpolarized capacitor, small symbol"/>
      <sheetpath names="/LoRa MCU/" tstamps="/5EA70AC3/"/>
      <tstamp>5EABDBE5</tstamp>
    </comp>
    <comp ref="R11">
      <value>100R</value>
      <datasheet>~</datasheet>
      <fields>
        <field name="MPN">RC0402FR-07100RL</field>
      </fields>
      <libsource lib="Device" part="R_Small" description="Resistor, small symbol"/>
      <sheetpath names="/LoRa MCU/" tstamps="/5EA70AC3/"/>
      <tstamp>5EABE05F</tstamp>
    </comp>
    <comp ref="L7">
      <value>47nH</value>
      <datasheet>~</datasheet>
      <fields>
        <field name="MPN">LQW15AN47NJ00#</field>
      </fields>
      <libsource lib="Device" part="L_Small" description="Inductor, small symbol"/>
      <sheetpath names="/LoRa MCU/" tstamps="/5EA70AC3/"/>
      <tstamp>5EAC08CC</tstamp>
    </comp>
    <comp ref="L6">
      <value>47nH</value>
      <datasheet>~</datasheet>
      <fields>
        <field name="MPN">LQW15AN47NJ00#</field>
      </fields>
      <libsource lib="Device" part="L_Small" description="Inductor, small symbol"/>
      <sheetpath names="/LoRa MCU/" tstamps="/5EA70AC3/"/>
      <tstamp>5EAC2726</tstamp>
    </comp>
    <comp ref="C29">
      <value>33pF</value>
      <datasheet>~</datasheet>
      <fields>
        <field name="MPN">CC0402JRNPO9BN330</field>
      </fields>
      <libsource lib="Device" part="C_Small" description="Unpolarized capacitor, small symbol"/>
      <sheetpath names="/LoRa MCU/" tstamps="/5EA70AC3/"/>
      <tstamp>5EAC42FB</tstamp>
    </comp>
    <comp ref="C28">
      <value>33pF</value>
      <datasheet>~</datasheet>
      <fields>
        <field name="MPN">CC0402JRNPO9BN330</field>
      </fields>
      <libsource lib="Device" part="C_Small" description="Unpolarized capacitor, small symbol"/>
      <sheetpath names="/LoRa MCU/" tstamps="/5EA70AC3/"/>
      <tstamp>5EAC77FB</tstamp>
    </comp>
    <comp ref="C35">
      <value>3.3pF</value>
      <datasheet>~</datasheet>
      <fields>
        <field name="MPN">CC0402BRNPO9BN3R3</field>
      </fields>
      <libsource lib="Device" part="C_Small" description="Unpolarized capacitor, small symbol"/>
      <sheetpath names="/LoRa MCU/" tstamps="/5EA70AC3/"/>
      <tstamp>5EAD2F2A</tstamp>
    </comp>
    <comp ref="L11">
      <value>8.7nH</value>
      <datasheet>~</datasheet>
      <fields>
        <field name="MPN">LQW15AN8N7H00</field>
      </fields>
      <libsource lib="Device" part="L_Small" description="Inductor, small symbol"/>
      <sheetpath names="/LoRa MCU/" tstamps="/5EA70AC3/"/>
      <tstamp>5EAD3747</tstamp>
    </comp>
    <comp ref="C37">
      <value>33pF</value>
      <datasheet>~</datasheet>
      <fields>
        <field name="MPN">CC0402JRNPO9BN330</field>
      </fields>
      <libsource lib="Device" part="C_Small" description="Unpolarized capacitor, small symbol"/>
      <sheetpath names="/LoRa MCU/" tstamps="/5EA70AC3/"/>
      <tstamp>5EAD3C92</tstamp>
    </comp>
    <comp ref="L9">
      <value>3.3nH</value>
      <datasheet>~</datasheet>
      <fields>
        <field name="MPN">LQW15AN3N3D10</field>
      </fields>
      <libsource lib="Device" part="L_Small" description="Inductor, small symbol"/>
      <sheetpath names="/LoRa MCU/" tstamps="/5EA70AC3/"/>
      <tstamp>5EAD4E83</tstamp>
    </comp>
    <comp ref="C33">
      <value>2.7pF</value>
      <datasheet>~</datasheet>
      <fields>
        <field name="MPN">CC0402BRNPO9BN2R7</field>
      </fields>
      <libsource lib="Device" part="C_Small" description="Unpolarized capacitor, small symbol"/>
      <sheetpath names="/LoRa MCU/" tstamps="/5EA70AC3/"/>
      <tstamp>5EAD5496</tstamp>
    </comp>
    <comp ref="C31">
      <value>5.6pF</value>
      <datasheet>~</datasheet>
      <fields>
        <field name="MPN">CC0402BRNPO9BN5R6</field>
      </fields>
      <libsource lib="Device" part="C_Small" description="Unpolarized capacitor, small symbol"/>
      <sheetpath names="/LoRa MCU/" tstamps="/5EA70AC3/"/>
      <tstamp>5EAD94AF</tstamp>
    </comp>
    <comp ref="C39">
      <value>1.3pF</value>
      <datasheet>~</datasheet>
      <fields>
        <field name="MPN">CC0402BRNPO9BN1R3</field>
      </fields>
      <libsource lib="Device" part="C_Small" description="Unpolarized capacitor, small symbol"/>
      <sheetpath names="/LoRa MCU/" tstamps="/5EA70AC3/"/>
      <tstamp>5EAEBA9C</tstamp>
    </comp>
    <comp ref="C34">
      <value>3.9pF</value>
      <datasheet>~</datasheet>
      <fields>
        <field name="MPN">CC0402BRNPO9BN3R9</field>
      </fields>
      <libsource lib="Device" part="C_Small" description="Unpolarized capacitor, small symbol"/>
      <sheetpath names="/LoRa MCU/" tstamps="/5EA70AC3/"/>
      <tstamp>5EAFB695</tstamp>
    </comp>
    <comp ref="L10">
      <value>6.8nH</value>
      <datasheet>~</datasheet>
      <fields>
        <field name="MPN">LQW15AN6N8H00</field>
      </fields>
      <libsource lib="Device" part="L_Small" description="Inductor, small symbol"/>
      <sheetpath names="/LoRa MCU/" tstamps="/5EA70AC3/"/>
      <tstamp>5EAFB6A0</tstamp>
    </comp>
    <comp ref="C36">
      <value>33pF</value>
      <datasheet>~</datasheet>
      <fields>
        <field name="MPN">CC0402JRNPO9BN330</field>
      </fields>
      <libsource lib="Device" part="C_Small" description="Unpolarized capacitor, small symbol"/>
      <sheetpath names="/LoRa MCU/" tstamps="/5EA70AC3/"/>
      <tstamp>5EAFB6AB</tstamp>
    </comp>
    <comp ref="L8">
      <value>3.3nH</value>
      <datasheet>~</datasheet>
      <fields>
        <field name="MPN">LQW15AN3N3D10</field>
      </fields>
      <libsource lib="Device" part="L_Small" description="Inductor, small symbol"/>
      <sheetpath names="/LoRa MCU/" tstamps="/5EA70AC3/"/>
      <tstamp>5EAFB6B6</tstamp>
    </comp>
    <comp ref="C32">
      <value>2.4pF</value>
      <datasheet>~</datasheet>
      <fields>
        <field name="MPN">CC0402BRNPO9BN2R4</field>
      </fields>
      <libsource lib="Device" part="C_Small" description="Unpolarized capacitor, small symbol"/>
      <sheetpath names="/LoRa MCU/" tstamps="/5EA70AC3/"/>
      <tstamp>5EAFB6C1</tstamp>
    </comp>
    <comp ref="C30">
      <value>6.8pF</value>
      <datasheet>~</datasheet>
      <fields>
        <field name="MPN">CC0402BRNPO9BN6R8</field>
      </fields>
      <libsource lib="Device" part="C_Small" description="Unpolarized capacitor, small symbol"/>
      <sheetpath names="/LoRa MCU/" tstamps="/5EA70AC3/"/>
      <tstamp>5EAFB6CC</tstamp>
    </comp>
    <comp ref="C38">
      <value>2.7pF</value>
      <datasheet>~</datasheet>
      <fields>
        <field name="MPN">CC0402BRNPO9BN2R7</field>
      </fields>
      <libsource lib="Device" part="C_Small" description="Unpolarized capacitor, small symbol"/>
      <sheetpath names="/LoRa MCU/" tstamps="/5EA70AC3/"/>
      <tstamp>5EAFB6F8</tstamp>
    </comp>
    <comp ref="R10">
      <value>100R</value>
      <datasheet>~</datasheet>
      <fields>
        <field name="MPN">RC0402FR-07100RL</field>
      </fields>
      <libsource lib="Device" part="R_Small" description="Resistor, small symbol"/>
      <sheetpath names="/LoRa MCU/" tstamps="/5EA70AC3/"/>
      <tstamp>5EB0C489</tstamp>
    </comp>
    <comp ref="C41">
      <value>1nF</value>
      <datasheet>~</datasheet>
      <fields>
        <field name="MPN">CC0402KRX7R7BB102</field>
      </fields>
      <libsource lib="Device" part="C_Small" description="Unpolarized capacitor, small symbol"/>
      <sheetpath names="/LoRa MCU/" tstamps="/5EA70AC3/"/>
      <tstamp>5EB0C7AA</tstamp>
    </comp>
    <comp ref="R9">
      <value>100R</value>
      <datasheet>~</datasheet>
      <fields>
        <field name="MPN">RC0402FR-07100RL</field>
      </fields>
      <libsource lib="Device" part="R_Small" description="Resistor, small symbol"/>
      <sheetpath names="/LoRa MCU/" tstamps="/5EA70AC3/"/>
      <tstamp>5EB0CB2F</tstamp>
    </comp>
    <comp ref="C40">
      <value>1nF</value>
      <datasheet>~</datasheet>
      <fields>
        <field name="MPN">CC0402KRX7R7BB102</field>
      </fields>
      <libsource lib="Device" part="C_Small" description="Unpolarized capacitor, small symbol"/>
      <sheetpath names="/LoRa MCU/" tstamps="/5EA70AC3/"/>
      <tstamp>5EB0CFA4</tstamp>
    </comp>
    <comp ref="U7">
      <value>NX3L1T3157GM</value>
      <libsource lib="node-lib-v1" part="NX3L1T3157GM" description=""/>
      <sheetpath names="/LoRa MCU/" tstamps="/5EA70AC3/"/>
      <tstamp>5EB0D478</tstamp>
    </comp>
    <comp ref="R7">
      <value>0R</value>
      <datasheet>~</datasheet>
      <fields>
        <field name="MPN">RC0402JR-070RL</field>
      </fields>
      <libsource lib="Device" part="R_Small" description="Resistor, small symbol"/>
      <sheetpath names="/LoRa MCU/" tstamps="/5EA70AC3/"/>
      <tstamp>5EB0E5C2</tstamp>
    </comp>
    <comp ref="R8">
      <value>0R</value>
      <datasheet>~</datasheet>
      <fields>
        <field name="MPN">RC0402JR-070RL</field>
      </fields>
      <libsource lib="Device" part="R_Small" description="Resistor, small symbol"/>
      <sheetpath names="/LoRa MCU/" tstamps="/5EA70AC3/"/>
      <tstamp>5EB0F21F</tstamp>
    </comp>
    <comp ref="X1">
      <value>TCXO 32MHz</value>
      <fields>
        <field name="MPN">NT2016SA-32M-END4263A</field>
      </fields>
      <libsource lib="Oscillator" part="VTCXO-14" description="Voltage-Controlled Crystal Clock Oscillator, DIP14-style metal package"/>
      <sheetpath names="/LoRa MCU/" tstamps="/5EA70AC3/"/>
      <tstamp>5EB102DF</tstamp>
    </comp>
    <comp ref="Y1">
      <value>32.768KHz</value>
      <datasheet>~</datasheet>
      <fields>
        <field name="MPN">NX2012SA 32.768KHz</field>
      </fields>
      <libsource lib="Device" part="Crystal" description="Two pin crystal"/>
      <sheetpath names="/LoRa MCU/" tstamps="/5EA70AC3/"/>
      <tstamp>5EB1246C</tstamp>
    </comp>
    <comp ref="C8">
      <value>5.1pF</value>
      <datasheet>~</datasheet>
      <fields>
        <field name="MPN">CC0402CRNPO9BN5R1</field>
      </fields>
      <libsource lib="Device" part="C_Small" description="Unpolarized capacitor, small symbol"/>
      <sheetpath names="/LoRa MCU/" tstamps="/5EA70AC3/"/>
      <tstamp>5EB1375D</tstamp>
    </comp>
    <comp ref="C9">
      <value>5.1pF</value>
      <datasheet>~</datasheet>
      <fields>
        <field name="MPN">CC0402CRNPO9BN5R1</field>
      </fields>
      <libsource lib="Device" part="C_Small" description="Unpolarized capacitor, small symbol"/>
      <sheetpath names="/LoRa MCU/" tstamps="/5EA70AC3/"/>
      <tstamp>5EB1422A</tstamp>
    </comp>
    <comp ref="FB1">
      <value>Ferrite_Bead</value>
      <datasheet>~</datasheet>
      <fields>
        <field name="MPN">BLM15HG102SN1#</field>
      </fields>
      <libsource lib="Device" part="Ferrite_Bead" description="Ferrite bead"/>
      <sheetpath names="/LoRa MCU/" tstamps="/5EA70AC3/"/>
      <tstamp>5EB1548E</tstamp>
    </comp>
    <comp ref="C19">
      <value>10nF</value>
      <datasheet>~</datasheet>
      <fields>
        <field name="MPN">CC0402KRX7R7BB103</field>
      </fields>
      <libsource lib="Device" part="C_Small" description="Unpolarized capacitor, small symbol"/>
      <sheetpath names="/LoRa MCU/" tstamps="/5EA70AC3/"/>
      <tstamp>5EB16252</tstamp>
    </comp>
    <comp ref="C10">
      <value>100nF</value>
      <datasheet>~</datasheet>
      <fields>
        <field name="MPN">CC0402KRX7R7BB104</field>
      </fields>
      <libsource lib="Device" part="C_Small" description="Unpolarized capacitor, small symbol"/>
      <sheetpath names="/LoRa MCU/" tstamps="/5EA70AC3/"/>
      <tstamp>5EB17334</tstamp>
    </comp>
    <comp ref="C11">
      <value>100nF</value>
      <datasheet>~</datasheet>
      <fields>
        <field name="MPN">CC0402KRX7R7BB104</field>
      </fields>
      <libsource lib="Device" part="C_Small" description="Unpolarized capacitor, small symbol"/>
      <sheetpath names="/LoRa MCU/" tstamps="/5EA70AC3/"/>
      <tstamp>5EB17C23</tstamp>
    </comp>
    <comp ref="C14">
      <value>100nF</value>
      <datasheet>~</datasheet>
      <fields>
        <field name="MPN">CC0402KRX7R7BB104</field>
      </fields>
      <libsource lib="Device" part="C_Small" description="Unpolarized capacitor, small symbol"/>
      <sheetpath names="/LoRa MCU/" tstamps="/5EA70AC3/"/>
      <tstamp>5EB17F0C</tstamp>
    </comp>
    <comp ref="C15">
      <value>100nF</value>
      <datasheet>~</datasheet>
      <fields>
        <field name="MPN">CC0402KRX7R7BB104</field>
      </fields>
      <libsource lib="Device" part="C_Small" description="Unpolarized capacitor, small symbol"/>
      <sheetpath names="/LoRa MCU/" tstamps="/5EA70AC3/"/>
      <tstamp>5EB182C1</tstamp>
    </comp>
    <comp ref="C17">
      <value>100nF</value>
      <datasheet>~</datasheet>
      <fields>
        <field name="MPN">CC0402KRX7R7BB104</field>
      </fields>
      <libsource lib="Device" part="C_Small" description="Unpolarized capacitor, small symbol"/>
      <sheetpath names="/LoRa MCU/" tstamps="/5EA70AC3/"/>
      <tstamp>5EB18610</tstamp>
    </comp>
    <comp ref="C16">
      <value>100nF</value>
      <datasheet>~</datasheet>
      <fields>
        <field name="MPN">CC0402KRX7R7BB104</field>
      </fields>
      <libsource lib="Device" part="C_Small" description="Unpolarized capacitor, small symbol"/>
      <sheetpath names="/LoRa MCU/" tstamps="/5EA70AC3/"/>
      <tstamp>5EB18923</tstamp>
    </comp>
    <comp ref="C12">
      <value>47pF</value>
      <datasheet>~</datasheet>
      <fields>
        <field name="MPN">CC0402JRNPO9BN470</field>
      </fields>
      <libsource lib="Device" part="C_Small" description="Unpolarized capacitor, small symbol"/>
      <sheetpath names="/LoRa MCU/" tstamps="/5EA70AC3/"/>
      <tstamp>5EB18CA8</tstamp>
    </comp>
    <comp ref="C13">
      <value>33pF</value>
      <datasheet>~</datasheet>
      <fields>
        <field name="MPN">CC0402GRNPO9BN330</field>
      </fields>
      <libsource lib="Device" part="C_Small" description="Unpolarized capacitor, small symbol"/>
      <sheetpath names="/LoRa MCU/" tstamps="/5EA70AC3/"/>
      <tstamp>5EB1905D</tstamp>
    </comp>
    <comp ref="C18">
      <value>33pF</value>
      <datasheet>~</datasheet>
      <fields>
        <field name="MPN">CC0402GRNPO9BN330</field>
      </fields>
      <libsource lib="Device" part="C_Small" description="Unpolarized capacitor, small symbol"/>
      <sheetpath names="/LoRa MCU/" tstamps="/5EA70AC3/"/>
      <tstamp>5EB193D7</tstamp>
    </comp>
    <comp ref="C20">
      <value>33pF</value>
      <datasheet>~</datasheet>
      <fields>
        <field name="MPN">CC0402GRNPO9BN330</field>
      </fields>
      <libsource lib="Device" part="C_Small" description="Unpolarized capacitor, small symbol"/>
      <sheetpath names="/LoRa MCU/" tstamps="/5EA70AC3/"/>
      <tstamp>5EB196E4</tstamp>
    </comp>
    <comp ref="L2">
      <value>15uH</value>
      <datasheet>~</datasheet>
      <fields>
        <field name="MPN">MLZ2012M150W</field>
      </fields>
      <libsource lib="Device" part="L" description="Inductor"/>
      <sheetpath names="/LoRa MCU/" tstamps="/5EA70AC3/"/>
      <tstamp>5EB19BF8</tstamp>
    </comp>
    <comp ref="C21">
      <value>470nF</value>
      <datasheet>~</datasheet>
      <fields>
        <field name="MPN">CC0603KRX7R7BB474</field>
      </fields>
      <libsource lib="Device" part="C_Small" description="Unpolarized capacitor, small symbol"/>
      <sheetpath names="/LoRa MCU/" tstamps="/5EA70AC3/"/>
      <tstamp>5EB1AAFC</tstamp>
    </comp>
    <comp ref="C22">
      <value>4.7uF</value>
      <datasheet>~</datasheet>
      <fields>
        <field name="MPN">CC0603KRX5R7BB475</field>
      </fields>
      <libsource lib="Device" part="C" description="Unpolarized capacitor"/>
      <sheetpath names="/LoRa MCU/" tstamps="/5EA70AC3/"/>
      <tstamp>5EB1BFFA</tstamp>
    </comp>
    <comp ref="U12">
      <value>LSM6DSO</value>
      <footprint>Package_LGA:LGA-14_3x2.5mm_P0.5mm_LayoutBorder3x4y</footprint>
      <datasheet>www.st.com/resource/en/datasheet/lsm6ds3.pdf</datasheet>
      <libsource lib="Sensor_Motion" part="LSM6DS3" description="I2C/SPI, iNEMO inertial module: always-on 3D accelerometer and 3D gyroscope"/>
      <sheetpath names="/Sensors/" tstamps="/5EB1DE63/"/>
      <tstamp>5EB1E92E</tstamp>
    </comp>
    <comp ref="U11">
      <value>SHTC3</value>
      <footprint>Package_DFN_QFN:DFN-6-1EP_3x3mm_P1mm_EP1.5x2.4mm</footprint>
      <fields>
        <field name="MPN">SHTC3</field>
      </fields>
      <libsource lib="Sensor_Humidity" part="Si7020-A20" description="I2C Humidity and Temperature Sensor, DFN-6"/>
      <sheetpath names="/Sensors/" tstamps="/5EB1DE63/"/>
      <tstamp>5EB1FA67</tstamp>
    </comp>
    <comp ref="U10">
      <value>LIS2DW12</value>
      <footprint>Package_LGA:LGA-12_2x2mm_P0.5mm</footprint>
      <fields>
        <field name="MPN">LIS2DW12</field>
      </fields>
      <libsource lib="Sensor_Motion" part="LIS2DE12" description="3-Axis Accelerometer, 2/4/8/16g range, I2C/SPI interface"/>
      <sheetpath names="/Sensors/" tstamps="/5EB1DE63/"/>
      <tstamp>5EB2022A</tstamp>
    </comp>
  </components>
  <libparts>
    <libpart lib="Connector" part="Conn_Coaxial">
      <description>coaxial connector (BNC, SMA, SMB, SMC, Cinch/RCA, ...)</description>
      <docs> ~</docs>
      <footprints>
        <fp>*BNC*</fp>
        <fp>*SMA*</fp>
        <fp>*SMB*</fp>
        <fp>*SMC*</fp>
        <fp>*Cinch*</fp>
      </footprints>
      <fields>
        <field name="Reference">J</field>
        <field name="Value">Conn_Coaxial</field>
      </fields>
      <pins>
        <pin num="1" name="In" type="passive"/>
        <pin num="2" name="Ext" type="passive"/>
      </pins>
    </libpart>
    <libpart lib="Device" part="Antenna_Chip">
      <description>Ceramic chip antenna with pin for PCB trace</description>
      <docs>~</docs>
      <fields>
        <field name="Reference">AE</field>
        <field name="Value">Antenna_Chip</field>
      </fields>
      <pins>
        <pin num="1" name="FEED" type="input"/>
        <pin num="2" name="PCB_Trace" type="passive"/>
      </pins>
    </libpart>
    <libpart lib="Device" part="Battery_Cell">
      <description>Single-cell battery</description>
      <docs>~</docs>
      <fields>
        <field name="Reference">BT</field>
        <field name="Value">Battery_Cell</field>
      </fields>
      <pins>
        <pin num="1" name="+" type="passive"/>
        <pin num="2" name="-" type="passive"/>
      </pins>
    </libpart>
    <libpart lib="Device" part="C">
      <description>Unpolarized capacitor</description>
      <docs>~</docs>
      <footprints>
        <fp>C_*</fp>
      </footprints>
      <fields>
        <field name="Reference">C</field>
        <field name="Value">C</field>
      </fields>
      <pins>
        <pin num="1" name="~" type="passive"/>
        <pin num="2" name="~" type="passive"/>
      </pins>
    </libpart>
    <libpart lib="Device" part="C_Small">
      <description>Unpolarized capacitor, small symbol</description>
      <docs>~</docs>
      <footprints>
        <fp>C_*</fp>
      </footprints>
      <fields>
        <field name="Reference">C</field>
        <field name="Value">C_Small</field>
      </fields>
      <pins>
        <pin num="1" name="~" type="passive"/>
        <pin num="2" name="~" type="passive"/>
      </pins>
    </libpart>
    <libpart lib="Device" part="Crystal">
      <description>Two pin crystal</description>
      <docs>~</docs>
      <footprints>
        <fp>Crystal*</fp>
      </footprints>
      <fields>
        <field name="Reference">Y</field>
        <field name="Value">Crystal</field>
      </fields>
      <pins>
        <pin num="1" name="1" type="passive"/>
        <pin num="2" name="2" type="passive"/>
      </pins>
    </libpart>
    <libpart lib="Device" part="D_Zener_ALT">
      <description>Zener diode, filled shape</description>
      <docs>~</docs>
      <footprints>
        <fp>TO-???*</fp>
        <fp>*_Diode_*</fp>
        <fp>*SingleDiode*</fp>
        <fp>D_*</fp>
      </footprints>
      <fields>
        <field name="Reference">D</field>
        <field name="Value">D_Zener_ALT</field>
      </fields>
      <pins>
        <pin num="1" name="K" type="passive"/>
        <pin num="2" name="A" type="passive"/>
      </pins>
    </libpart>
    <libpart lib="Device" part="Ferrite_Bead">
      <description>Ferrite bead</description>
      <docs>~</docs>
      <footprints>
        <fp>Inductor_*</fp>
        <fp>L_*</fp>
        <fp>*Ferrite*</fp>
      </footprints>
      <fields>
        <field name="Reference">FB</field>
        <field name="Value">Ferrite_Bead</field>
      </fields>
      <pins>
        <pin num="1" name="~" type="passive"/>
        <pin num="2" name="~" type="passive"/>
      </pins>
    </libpart>
    <libpart lib="Device" part="L">
      <description>Inductor</description>
      <docs>~</docs>
      <footprints>
        <fp>Choke_*</fp>
        <fp>*Coil*</fp>
        <fp>Inductor_*</fp>
        <fp>L_*</fp>
      </footprints>
      <fields>
        <field name="Reference">L</field>
        <field name="Value">L</field>
      </fields>
      <pins>
        <pin num="1" name="1" type="passive"/>
        <pin num="2" name="2" type="passive"/>
      </pins>
    </libpart>
    <libpart lib="Device" part="L_Core_Ferrite">
      <description>Inductor with ferrite core</description>
      <docs>~</docs>
      <footprints>
        <fp>Choke_*</fp>
        <fp>*Coil*</fp>
        <fp>Inductor_*</fp>
        <fp>L_*</fp>
      </footprints>
      <fields>
        <field name="Reference">L</field>
        <field name="Value">L_Core_Ferrite</field>
      </fields>
      <pins>
        <pin num="1" name="1" type="passive"/>
        <pin num="2" name="2" type="passive"/>
      </pins>
    </libpart>
    <libpart lib="Device" part="L_Small">
      <description>Inductor, small symbol</description>
      <docs>~</docs>
      <footprints>
        <fp>Choke_*</fp>
        <fp>*Coil*</fp>
        <fp>Inductor_*</fp>
        <fp>L_*</fp>
      </footprints>
      <fields>
        <field name="Reference">L</field>
        <field name="Value">L_Small</field>
      </fields>
      <pins>
        <pin num="1" name="~" type="passive"/>
        <pin num="2" name="~" type="passive"/>
      </pins>
    </libpart>
    <libpart lib="Device" part="Polyfuse">
      <description>Resettable fuse, polymeric positive temperature coefficient</description>
      <docs>~</docs>
      <footprints>
        <fp>*polyfuse*</fp>
        <fp>*PTC*</fp>
      </footprints>
      <fields>
        <field name="Reference">F</field>
        <field name="Value">Polyfuse</field>
      </fields>
      <pins>
        <pin num="1" name="~" type="passive"/>
        <pin num="2" name="~" type="passive"/>
      </pins>
    </libpart>
    <libpart lib="Device" part="Q_PMOS_GSD">
      <description>P-MOSFET transistor, gate/source/drain</description>
      <docs>~</docs>
      <fields>
        <field name="Reference">Q</field>
        <field name="Value">Q_PMOS_GSD</field>
      </fields>
      <pins>
        <pin num="1" name="G" type="input"/>
        <pin num="2" name="S" type="passive"/>
        <pin num="3" name="D" type="passive"/>
      </pins>
    </libpart>
    <libpart lib="Device" part="R">
      <description>Resistor</description>
      <docs>~</docs>
      <footprints>
        <fp>R_*</fp>
      </footprints>
      <fields>
        <field name="Reference">R</field>
        <field name="Value">R</field>
      </fields>
      <pins>
        <pin num="1" name="~" type="passive"/>
        <pin num="2" name="~" type="passive"/>
      </pins>
    </libpart>
    <libpart lib="Device" part="R_Small">
      <description>Resistor, small symbol</description>
      <docs>~</docs>
      <footprints>
        <fp>R_*</fp>
      </footprints>
      <fields>
        <field name="Reference">R</field>
        <field name="Value">R_Small</field>
      </fields>
      <pins>
        <pin num="1" name="~" type="passive"/>
        <pin num="2" name="~" type="passive"/>
      </pins>
    </libpart>
    <libpart lib="Jumper" part="SolderJumper_2_Open">
      <description>Solder Jumper, 2-pole, open</description>
      <docs>~</docs>
      <footprints>
        <fp>SolderJumper*Open*</fp>
      </footprints>
      <fields>
        <field name="Reference">JP</field>
        <field name="Value">SolderJumper_2_Open</field>
      </fields>
      <pins>
        <pin num="1" name="A" type="passive"/>
        <pin num="2" name="B" type="passive"/>
      </pins>
    </libpart>
    <libpart lib="Oscillator" part="OCXO-14">
      <aliases>
        <alias>GTXO-14V</alias>
        <alias>GTXO-S14V</alias>
        <alias>VTCXO-14</alias>
      </aliases>
      <description>Voltage-Controlled Crystal Clock Oscillator, DIP14-style metal package</description>
      <docs>http://www.petermann-technik.de/fileadmin/petermann/pdf/crystal-oscillators/OCXO-14_PETERMANN-TECHNIK.pdf</docs>
      <footprints>
        <fp>Oscillator*DIP*14*</fp>
      </footprints>
      <fields>
        <field name="Reference">X</field>
        <field name="Value">OCXO-14</field>
        <field name="Footprint">Oscillator:Oscillator_DIP-14</field>
      </fields>
      <pins>
        <pin num="1" name="Vcontrol" type="input"/>
        <pin num="7" name="GND" type="power_in"/>
        <pin num="8" name="OUT" type="output"/>
        <pin num="14" name="Vcc" type="power_in"/>
      </pins>
    </libpart>
    <libpart lib="Power_Management" part="TPS22917DBV">
      <description>1V to 5.5V, 2A, 80mΩ Ultra-Low Leakage Load Switch, SOT23-6</description>
      <docs>http://www.ti.com/lit/ds/symlink/tps22917.pdf</docs>
      <footprints>
        <fp>SOT?23*</fp>
      </footprints>
      <fields>
        <field name="Reference">U</field>
        <field name="Value">TPS22917DBV</field>
        <field name="Footprint">Package_TO_SOT_SMD:SOT-23-6</field>
      </fields>
      <pins>
        <pin num="1" name="VIN" type="power_in"/>
        <pin num="2" name="GND" type="power_in"/>
        <pin num="3" name="ON" type="input"/>
        <pin num="4" name="CT" type="output"/>
        <pin num="5" name="QOD" type="openCol"/>
        <pin num="6" name="VOUT" type="power_out"/>
      </pins>
    </libpart>
    <libpart lib="RF_Switch" part="ADG918BCPZ">
      <description>SPDT DC-4GHz absorbative switch, 43dB isolation at 1GHz, LFCSP-8</description>
      <docs>https://www.analog.com/media/en/technical-documentation/data-sheets/ADG918_919.pdf</docs>
      <footprints>
        <fp>LFCSP*1EP*3x3mm*P0.5mm*</fp>
      </footprints>
      <fields>
        <field name="Reference">U</field>
        <field name="Value">ADG918BCPZ</field>
        <field name="Footprint">Package_CSP:LFCSP-8-1EP_3x3mm_P0.5mm_EP1.45x1.74mm</field>
      </fields>
      <pins>
        <pin num="1" name="VDD" type="power_in"/>
        <pin num="2" name="CTRL" type="input"/>
        <pin num="3" name="GND" type="power_in"/>
        <pin num="4" name="RFC" type="passive"/>
        <pin num="5" name="RF2" type="passive"/>
        <pin num="6" name="GND" type="passive"/>
        <pin num="7" name="GND" type="passive"/>
        <pin num="8" name="RF1" type="passive"/>
        <pin num="9" name="GND" type="passive"/>
      </pins>
    </libpart>
    <libpart lib="Sensor_Humidity" part="Si7020-A20">
      <aliases>
        <alias>Si7021-A20</alias>
      </aliases>
      <description>I2C Humidity and Temperature Sensor, DFN-6</description>
      <docs>https://www.silabs.com/documents/public/data-sheets/Si7020-A20.pdf</docs>
      <footprints>
        <fp>DFN*1EP*3x3mm*P1mm*</fp>
      </footprints>
      <fields>
        <field name="Reference">U</field>
        <field name="Value">Si7020-A20</field>
        <field name="Footprint">Package_DFN_QFN:DFN-6-1EP_3x3mm_P1mm_EP1.5x2.4mm</field>
      </fields>
      <pins>
        <pin num="1" name="SDA" type="BiDi"/>
        <pin num="2" name="GND" type="power_in"/>
        <pin num="3" name="NC" type="NotConnected"/>
        <pin num="4" name="NC" type="NotConnected"/>
        <pin num="5" name="VDD" type="power_in"/>
        <pin num="6" name="SCL" type="input"/>
        <pin num="7" name="PAD" type="passive"/>
      </pins>
    </libpart>
    <libpart lib="Sensor_Motion" part="LIS2HH12">
      <aliases>
        <alias>LIS2DE12</alias>
      </aliases>
      <description>3-Axis Accelerometer, 2/4/8g range, I2C/SPI interface</description>
      <docs>www.st.com/resource/en/datasheet/lis2hh12.pdf</docs>
      <footprints>
        <fp>LGA*2x2mm*P0.5mm*</fp>
      </footprints>
      <fields>
        <field name="Reference">U</field>
        <field name="Value">LIS2HH12</field>
        <field name="Footprint">Package_LGA:LGA-12_2x2mm_P0.5mm</field>
      </fields>
      <pins>
        <pin num="1" name="SCL/SPC" type="input"/>
        <pin num="2" name="~CS" type="input"/>
        <pin num="3" name="SA0/SDO" type="BiDi"/>
        <pin num="4" name="SDA/SDI" type="BiDi"/>
        <pin num="5" name="RES" type="passive"/>
        <pin num="6" name="GND" type="power_in"/>
        <pin num="7" name="GND" type="power_in"/>
        <pin num="8" name="GND" type="power_in"/>
        <pin num="9" name="Vdd" type="power_in"/>
        <pin num="10" name="Vdd_IO" type="power_in"/>
        <pin num="11" name="INT2" type="output"/>
        <pin num="12" name="INT1" type="output"/>
      </pins>
    </libpart>
    <libpart lib="Sensor_Motion" part="LSM6DS3">
      <description>I2C/SPI, iNEMO inertial module: always-on 3D accelerometer and 3D gyroscope</description>
      <docs>www.st.com/resource/en/datasheet/lsm6ds3.pdf</docs>
      <footprints>
        <fp>LGA*3x2.5mm*P0.5mm*LayoutBorder3x4y*</fp>
      </footprints>
      <fields>
        <field name="Reference">U</field>
        <field name="Value">LSM6DS3</field>
        <field name="Footprint">Package_LGA:LGA-14_3x2.5mm_P0.5mm_LayoutBorder3x4y</field>
      </fields>
      <pins>
        <pin num="1" name="SDO/SA0" type="BiDi"/>
        <pin num="2" name="SDX" type="BiDi"/>
        <pin num="3" name="SCX" type="input"/>
        <pin num="4" name="INT1" type="output"/>
        <pin num="5" name="VDDIO" type="power_in"/>
        <pin num="6" name="GND" type="power_in"/>
        <pin num="7" name="GND" type="power_in"/>
        <pin num="8" name="VDD" type="power_in"/>
        <pin num="9" name="INT2" type="output"/>
        <pin num="10" name="NC" type="NotConnected"/>
        <pin num="11" name="NC" type="NotConnected"/>
        <pin num="12" name="CS" type="input"/>
        <pin num="13" name="SCL" type="input"/>
        <pin num="14" name="SDA" type="BiDi"/>
      </pins>
    </libpart>
    <libpart lib="Transistor_FET" part="BSS138">
      <aliases>
        <alias>2N7002</alias>
        <alias>2N7002E</alias>
        <alias>2N7002H</alias>
        <alias>2N7002K</alias>
        <alias>BS170F</alias>
        <alias>BS870</alias>
        <alias>BSN20</alias>
        <alias>BSS123</alias>
        <alias>BSS127S</alias>
        <alias>DMG2302U</alias>
        <alias>DMG3402L</alias>
        <alias>DMG3404L</alias>
        <alias>DMG3406L</alias>
        <alias>DMG3414U</alias>
        <alias>DMG3418L</alias>
        <alias>DMN10H220L</alias>
        <alias>DMN10H700S</alias>
        <alias>DMN13H750S</alias>
        <alias>DMN2041L</alias>
        <alias>DMN2050L</alias>
        <alias>DMN2056U</alias>
        <alias>DMN2058U</alias>
        <alias>DMN2075U</alias>
        <alias>DMN2230U</alias>
        <alias>DMN24H11DS</alias>
        <alias>DMN24H3D5L</alias>
        <alias>DMN3042L</alias>
        <alias>DMN3051L</alias>
        <alias>DMN30H4D0L</alias>
        <alias>DMN3110S</alias>
        <alias>DMN3150L</alias>
        <alias>DMN3300U</alias>
        <alias>DMN3404L</alias>
        <alias>DMN6075S</alias>
        <alias>DMN6140L</alias>
        <alias>DMN67D7L</alias>
        <alias>DMN67D8L</alias>
        <alias>MMBF170</alias>
        <alias>VN10LF</alias>
        <alias>ZVN3306F</alias>
        <alias>ZVN3310F</alias>
        <alias>ZVN3320F</alias>
        <alias>ZVN4106F</alias>
        <alias>ZXM61N02F</alias>
        <alias>ZXM61N03F</alias>
        <alias>ZXMN10A07F</alias>
        <alias>ZXMN2A01F</alias>
        <alias>ZXMN2A14F</alias>
        <alias>ZXMN2B01F</alias>
        <alias>ZXMN2B14FH</alias>
        <alias>ZXMN2F30FH</alias>
        <alias>ZXMN2F34FH</alias>
        <alias>ZXMN3A01F</alias>
        <alias>ZXMN3A14F</alias>
        <alias>ZXMN3B01F</alias>
        <alias>ZXMN3B14F</alias>
        <alias>ZXMN3F30FH</alias>
        <alias>ZXMN6A07F</alias>
        <alias>IRLML0030</alias>
        <alias>IRLML2060</alias>
      </aliases>
      <description>50V Vds, 0.22A Id, N-Channel MOSFET, SOT-23</description>
      <docs>https://www.fairchildsemi.com/datasheets/BS/BSS138.pdf</docs>
      <footprints>
        <fp>SOT?23*</fp>
      </footprints>
      <fields>
        <field name="Reference">Q</field>
        <field name="Value">BSS138</field>
        <field name="Footprint">Package_TO_SOT_SMD:SOT-23</field>
      </fields>
      <pins>
        <pin num="1" name="G" type="input"/>
        <pin num="2" name="S" type="passive"/>
        <pin num="3" name="D" type="passive"/>
      </pins>
    </libpart>
    <libpart lib="Transistor_FET" part="TP0610T">
      <aliases>
        <alias>VP0610T</alias>
        <alias>BSS84</alias>
        <alias>NTR2101P</alias>
        <alias>BSS83P</alias>
        <alias>Si2319CDS</alias>
        <alias>IRLML6402</alias>
        <alias>DMG2301L</alias>
        <alias>AO3401A</alias>
        <alias>IRLML9301</alias>
        <alias>IRLML5203</alias>
        <alias>Si2371EDS</alias>
      </aliases>
      <description>-0.18A Id, -60V Vds, P-Channel MOSFET, SOT-23</description>
      <docs>http://www.vishay.com/docs/70209/70209.pdf</docs>
      <footprints>
        <fp>SOT?23*</fp>
      </footprints>
      <fields>
        <field name="Reference">Q</field>
        <field name="Value">TP0610T</field>
        <field name="Footprint">Package_TO_SOT_SMD:SOT-23</field>
      </fields>
      <pins>
        <pin num="1" name="G" type="input"/>
        <pin num="2" name="S" type="passive"/>
        <pin num="3" name="D" type="passive"/>
      </pins>
    </libpart>
    <libpart lib="node-lib-v1" part="BGS13S4N9">
      <fields>
        <field name="Reference">U</field>
        <field name="Value">BGS13S4N9</field>
      </fields>
      <pins>
        <pin num="1" name="V1" type="input"/>
        <pin num="2" name="RF3" type="BiDi"/>
        <pin num="3" name="RF1" type="BiDi"/>
        <pin num="4" name="RFin" type="BiDi"/>
        <pin num="5" name="RF2" type="BiDi"/>
        <pin num="6" name="DGND" type="passive"/>
        <pin num="7" name="VDD" type="power_in"/>
        <pin num="8" name="V2" type="input"/>
        <pin num="9" name="GND" type="passive"/>
      </pins>
    </libpart>
    <libpart lib="node-lib-v1" part="NX3L1T3157GM">
      <fields>
        <field name="Reference">U</field>
        <field name="Value">NX3L1T3157GM</field>
      </fields>
      <pins>
        <pin num="1" name="Y1" type="BiDi"/>
        <pin num="2" name="GND" type="passive"/>
        <pin num="3" name="Y0" type="BiDi"/>
        <pin num="4" name="Z" type="BiDi"/>
        <pin num="5" name="VCC" type="power_in"/>
        <pin num="6" name="SEL" type="input"/>
      </pins>
    </libpart>
    <libpart lib="node-lib-v1" part="STM32WLxx_QFN48">
      <description>Ultra-low-power, Dual-Core Arm® Cortex®-M4 and M0+ @48 MHz with 256 Kbytes of Flash memory, 64 Kbytes of SRAM. LoRa®, (G)FSK, (G)MSK, BPSK modulations. AES 256-bit</description>
      <docs>https://www.st.com/resource/en/datasheet/stm32wle5jc.pdf</docs>
      <footprints>
        <fp>UFBGA73</fp>
      </footprints>
      <fields>
        <field name="Reference">U</field>
        <field name="Value">STM32WLxx_QFN48</field>
      </fields>
      <pins>
        <pin num="1" name="PB3" type="BiDi"/>
        <pin num="2" name="PB4" type="BiDi"/>
        <pin num="3" name="PB5" type="BiDi"/>
        <pin num="4" name="PB6" type="BiDi"/>
        <pin num="5" name="PB7" type="BiDi"/>
        <pin num="6" name="PB8" type="BiDi"/>
        <pin num="7" name="PA0" type="BiDi"/>
        <pin num="8" name="PA1" type="BiDi"/>
        <pin num="9" name="PA2" type="BiDi"/>
        <pin num="10" name="PA3" type="BiDi"/>
        <pin num="11" name="VDD" type="power_in"/>
        <pin num="12" name="PA4" type="BiDi"/>
        <pin num="13" name="PA5" type="BiDi"/>
        <pin num="14" name="PA6" type="BiDi"/>
        <pin num="15" name="PA7" type="BiDi"/>
        <pin num="16" name="PA8" type="BiDi"/>
        <pin num="17" name="PA9" type="BiDi"/>
        <pin num="18" name="NRST" type="BiDi"/>
        <pin num="19" name="PH3-BOOT0" type="BiDi"/>
        <pin num="20" name="RFI_P" type="input"/>
        <pin num="21" name="RFI_N" type="input"/>
        <pin num="22" name="RFO_LP" type="output"/>
        <pin num="23" name="RFO_HP" type="output"/>
        <pin num="24" name="VR_PA" type="power_in"/>
        <pin num="25" name="VDDPA" type="power_in"/>
        <pin num="26" name="OSC_IN" type="input"/>
        <pin num="27" name="OSC_OUT" type="output"/>
        <pin num="28" name="VDDRF" type="power_in"/>
        <pin num="29" name="VDDRF1V55" type="power_in"/>
        <pin num="30" name="PB0-VDD_TCXO" type="BiDi"/>
        <pin num="31" name="PB2" type="BiDi"/>
        <pin num="32" name="PB12" type="BiDi"/>
        <pin num="33" name="PA10" type="BiDi"/>
        <pin num="34" name="PA11" type="BiDi"/>
        <pin num="35" name="PA12" type="BiDi"/>
        <pin num="36" name="PA13" type="BiDi"/>
        <pin num="37" name="VBAT" type="power_in"/>
        <pin num="38" name="PC13" type="BiDi"/>
        <pin num="39" name="PC14-OSC32_IN" type="BiDi"/>
        <pin num="40" name="PC15-OSC32_OUT" type="BiDi"/>
        <pin num="41" name="VDDA" type="power_in"/>
        <pin num="42" name="PA14" type="BiDi"/>
        <pin num="43" name="PA15" type="BiDi"/>
        <pin num="44" name="VDD" type="power_in"/>
        <pin num="45" name="VFBSMPS" type="power_in"/>
        <pin num="46" name="VDDSMPS" type="BiDi"/>
        <pin num="47" name="VLXSMPS" type="power_in"/>
        <pin num="48" name="VSSSMPS" type="power_in"/>
        <pin num="49" name="VSS_EP" type="power_in"/>
      </pins>
    </libpart>
    <libpart lib="node-lib-v1" part="TPS62840">
      <aliases>
        <alias>TPS62841DLC</alias>
        <alias>TPS62840DLC</alias>
        <alias>TPS62849DLC</alias>
      </aliases>
      <description>750mA Step-Down Converter with DCS-Control, adjustable output, 60 nA ultra-low operating quiescent 1.8-6.5V input voltage, SON-8</description>
      <docs>https://www.ti.com/lit/gpn/TPS62840</docs>
      <footprints>
        <fp>WSON*EP*2x2mm*P0.5mm*</fp>
      </footprints>
      <fields>
        <field name="Reference">U</field>
        <field name="Value">TPS62840</field>
        <field name="Footprint">Package_SON:WSON-8-1EP_2x2mm_P0.5mm_EP0.9x1.6mm</field>
      </fields>
      <pins>
        <pin num="1" name="GND" type="power_in"/>
        <pin num="2" name="VIN" type="power_in"/>
        <pin num="3" name="MODE" type="input"/>
        <pin num="4" name="EN" type="input"/>
        <pin num="5" name="VSET" type="input"/>
        <pin num="6" name="STOP" type="input"/>
        <pin num="7" name="SW" type="output"/>
        <pin num="8" name="VOS" type="input"/>
      </pins>
    </libpart>
  </libparts>
  <libraries>
    <library logical="Connector">
      <uri>C:\Program Files\KiCad\share\kicad\library/Connector.lib</uri>
    </library>
    <library logical="Device">
      <uri>C:\Program Files\KiCad\share\kicad\library/Device.lib</uri>
    </library>
    <library logical="Jumper">
      <uri>C:\Program Files\KiCad\share\kicad\library/Jumper.lib</uri>
    </library>
    <library logical="Oscillator">
      <uri>C:\Program Files\KiCad\share\kicad\library/Oscillator.lib</uri>
    </library>
    <library logical="Power_Management">
      <uri>C:\Program Files\KiCad\share\kicad\library/Power_Management.lib</uri>
    </library>
    <library logical="RF_Switch">
      <uri>C:\Program Files\KiCad\share\kicad\library/RF_Switch.lib</uri>
    </library>
    <library logical="Sensor_Humidity">
      <uri>C:\Program Files\KiCad\share\kicad\library/Sensor_Humidity.lib</uri>
    </library>
    <library logical="Sensor_Motion">
      <uri>C:\Program Files\KiCad\share\kicad\library/Sensor_Motion.lib</uri>
    </library>
    <library logical="Transistor_FET">
      <uri>C:\Program Files\KiCad\share\kicad\library/Transistor_FET.lib</uri>
    </library>
    <library logical="node-lib-v1">
      <uri>C:/Users/Admin/OneDrive/TTI_Files/ST_Node/Hardware/Libs/node-lib-v1.lib</uri>
    </library>
  </libraries>
  <nets>
    <net code="1" name="GND">
      <node ref="R1" pin="2"/>
      <node ref="C2" pin="2"/>
      <node ref="C47" pin="1"/>
      <node ref="U1" pin="1"/>
      <node ref="BT2" pin="2"/>
      <node ref="Q1" pin="2"/>
      <node ref="D1" pin="2"/>
      <node ref="R4" pin="2"/>
      <node ref="U1" pin="3"/>
      <node ref="C48" pin="1"/>
      <node ref="C38" pin="1"/>
      <node ref="C1" pin="2"/>
      <node ref="C39" pin="1"/>
      <node ref="AE1" pin="2"/>
      <node ref="C35" pin="1"/>
      <node ref="U9" pin="6"/>
      <node ref="C29" pin="2"/>
      <node ref="C28" pin="1"/>
      <node ref="C31" pin="1"/>
      <node ref="C34" pin="1"/>
      <node ref="U9" pin="9"/>
      <node ref="J1" pin="2"/>
      <node ref="C26" pin="2"/>
      <node ref="U1" pin="6"/>
      <node ref="C45" pin="1"/>
      <node ref="C46" pin="1"/>
      <node ref="C30" pin="1"/>
      <node ref="JP1" pin="2"/>
      <node ref="Q2" pin="1"/>
      <node ref="R5" pin="1"/>
      <node ref="R6" pin="1"/>
      <node ref="C4" pin="2"/>
      <node ref="C3" pin="1"/>
      <node ref="C27" pin="2"/>
      <node ref="C25" pin="1"/>
      <node ref="C23" pin="1"/>
      <node ref="C7" pin="1"/>
      <node ref="C6" pin="1"/>
      <node ref="C5" pin="1"/>
    </net>
    <net code="2" name="Net-(JP2-Pad2)">
      <node ref="JP2" pin="2"/>
      <node ref="R5" pin="2"/>
    </net>
    <net code="3" name="Net-(JP1-Pad1)">
      <node ref="U1" pin="5"/>
      <node ref="JP2" pin="1"/>
      <node ref="JP1" pin="1"/>
      <node ref="JP3" pin="1"/>
    </net>
    <net code="4" name="Net-(JP3-Pad2)">
      <node ref="JP3" pin="2"/>
      <node ref="R6" pin="2"/>
    </net>
    <net code="5" name="Net-(L1-Pad1)">
      <node ref="L1" pin="1"/>
      <node ref="U1" pin="7"/>
    </net>
    <net code="6" name="Net-(U2-Pad1)">
      <node ref="U2" pin="1"/>
    </net>
    <net code="7" name="Net-(U2-Pad2)">
      <node ref="U2" pin="2"/>
    </net>
    <net code="8" name="Net-(U2-Pad3)">
      <node ref="U2" pin="3"/>
    </net>
    <net code="9" name="Net-(U2-Pad4)">
      <node ref="U2" pin="4"/>
    </net>
    <net code="10" name="Net-(U2-Pad5)">
      <node ref="U2" pin="5"/>
    </net>
    <net code="11" name="Net-(U2-Pad6)">
      <node ref="U2" pin="6"/>
    </net>
    <net code="12" name="VDD">
      <node ref="L1" pin="2"/>
      <node ref="C7" pin="2"/>
      <node ref="U1" pin="8"/>
      <node ref="C5" pin="2"/>
      <node ref="C6" pin="2"/>
    </net>
    <net code="13" name="Net-(U4-Pad5)">
      <node ref="U4" pin="5"/>
    </net>
    <net code="14" name="Net-(U3-Pad1)">
      <node ref="U3" pin="1"/>
    </net>
    <net code="15" name="Net-(U3-Pad2)">
      <node ref="U3" pin="2"/>
    </net>
    <net code="16" name="Net-(U3-Pad3)">
      <node ref="U3" pin="3"/>
    </net>
    <net code="17" name="Net-(U3-Pad4)">
      <node ref="U3" pin="4"/>
    </net>
    <net code="18" name="Net-(U3-Pad5)">
      <node ref="U3" pin="5"/>
    </net>
    <net code="19" name="Net-(U3-Pad6)">
      <node ref="U3" pin="6"/>
    </net>
    <net code="20" name="Net-(U4-Pad1)">
      <node ref="U4" pin="1"/>
    </net>
    <net code="21" name="Net-(U4-Pad2)">
      <node ref="U4" pin="2"/>
    </net>
    <net code="22" name="Net-(U4-Pad3)">
      <node ref="U4" pin="3"/>
    </net>
    <net code="23" name="Net-(U4-Pad4)">
      <node ref="U4" pin="4"/>
    </net>
    <net code="24" name="Net-(U4-Pad6)">
      <node ref="U4" pin="6"/>
    </net>
    <net code="25" name="Net-(Q1-Pad1)">
      <node ref="R1" pin="1"/>
      <node ref="Q1" pin="1"/>
    </net>
    <net code="26" name="Net-(Q3-Pad2)">
      <node ref="R3" pin="1"/>
      <node ref="Q3" pin="2"/>
    </net>
    <net code="27" name="Net-(BT1-Pad1)">
      <node ref="BT1" pin="1"/>
      <node ref="Q2" pin="3"/>
    </net>
    <net code="28" name="+BATT">
      <node ref="F1" pin="1"/>
      <node ref="U1" pin="2"/>
      <node ref="U1" pin="4"/>
      <node ref="R2" pin="1"/>
      <node ref="Q3" pin="3"/>
      <node ref="C3" pin="2"/>
      <node ref="C4" pin="1"/>
    </net>
    <net code="29" name="Net-(C1-Pad1)">
      <node ref="F1" pin="2"/>
      <node ref="C1" pin="1"/>
      <node ref="Q2" pin="2"/>
    </net>
    <net code="30" name="Net-(BT1-Pad2)">
      <node ref="BT1" pin="2"/>
      <node ref="BT2" pin="1"/>
    </net>
    <net code="31" name="Net-(Q1-Pad3)">
      <node ref="R2" pin="2"/>
      <node ref="Q1" pin="3"/>
      <node ref="Q3" pin="1"/>
    </net>
    <net code="32" name="Net-(C2-Pad1)">
      <node ref="D1" pin="1"/>
      <node ref="R4" pin="1"/>
      <node ref="C2" pin="1"/>
      <node ref="R3" pin="2"/>
    </net>
    <net code="33" name="Net-(C33-Pad2)">
      <node ref="C33" pin="2"/>
      <node ref="L9" pin="2"/>
      <node ref="C35" pin="2"/>
      <node ref="C37" pin="1"/>
    </net>
    <net code="34" name="Net-(C32-Pad2)">
      <node ref="C34" pin="2"/>
      <node ref="C36" pin="1"/>
      <node ref="L8" pin="2"/>
      <node ref="C32" pin="2"/>
    </net>
    <net code="35" name="Net-(C36-Pad2)">
      <node ref="C36" pin="2"/>
      <node ref="L10" pin="1"/>
    </net>
    <net code="36" name="Net-(C24-Pad1)">
      <node ref="U5" pin="20"/>
      <node ref="L5" pin="2"/>
      <node ref="C24" pin="1"/>
    </net>
    <net code="37" name="Net-(C39-Pad2)">
      <node ref="C39" pin="2"/>
      <node ref="L11" pin="2"/>
      <node ref="U9" pin="2"/>
    </net>
    <net code="38" name="Net-(C37-Pad2)">
      <node ref="C37" pin="2"/>
      <node ref="L11" pin="1"/>
    </net>
    <net code="39" name="Net-(C29-Pad1)">
      <node ref="L6" pin="1"/>
      <node ref="U8" pin="5"/>
      <node ref="C29" pin="1"/>
    </net>
    <net code="40" name="Net-(AE1-Pad1)">
      <node ref="L12" pin="2"/>
      <node ref="C47" pin="2"/>
      <node ref="AE1" pin="1"/>
    </net>
    <net code="41" name="Net-(C31-Pad2)">
      <node ref="C33" pin="1"/>
      <node ref="C31" pin="2"/>
      <node ref="L6" pin="2"/>
      <node ref="L4" pin="2"/>
      <node ref="L9" pin="1"/>
    </net>
    <net code="42" name="Net-(C28-Pad2)">
      <node ref="U8" pin="8"/>
      <node ref="C28" pin="2"/>
      <node ref="L7" pin="1"/>
    </net>
    <net code="43" name="Net-(C24-Pad2)">
      <node ref="C24" pin="2"/>
      <node ref="C26" pin="1"/>
      <node ref="U9" pin="3"/>
    </net>
    <net code="44" name="Net-(R11-Pad2)">
      <node ref="R11" pin="2"/>
    </net>
    <net code="45" name="Net-(R11-Pad1)">
      <node ref="R11" pin="1"/>
    </net>
    <net code="46" name="Net-(C42-Pad2)">
      <node ref="C42" pin="2"/>
    </net>
    <net code="47" name="Net-(C42-Pad1)">
      <node ref="C42" pin="1"/>
    </net>
    <net code="48" name="Net-(Y1-Pad2)">
      <node ref="Y1" pin="2"/>
    </net>
    <net code="49" name="Net-(C11-Pad1)">
      <node ref="C11" pin="1"/>
    </net>
    <net code="50" name="Net-(C10-Pad2)">
      <node ref="C10" pin="2"/>
    </net>
    <net code="51" name="Net-(C10-Pad1)">
      <node ref="C10" pin="1"/>
    </net>
    <net code="52" name="Net-(C19-Pad2)">
      <node ref="C19" pin="2"/>
    </net>
    <net code="53" name="Net-(C19-Pad1)">
      <node ref="C19" pin="1"/>
    </net>
    <net code="54" name="Net-(FB1-Pad2)">
      <node ref="FB1" pin="2"/>
    </net>
    <net code="55" name="Net-(FB1-Pad1)">
      <node ref="FB1" pin="1"/>
    </net>
    <net code="56" name="Net-(C9-Pad2)">
      <node ref="C9" pin="2"/>
    </net>
    <net code="57" name="Net-(C9-Pad1)">
      <node ref="C9" pin="1"/>
    </net>
    <net code="58" name="Net-(C8-Pad2)">
      <node ref="C8" pin="2"/>
    </net>
    <net code="59" name="Net-(C8-Pad1)">
      <node ref="C8" pin="1"/>
    </net>
    <net code="60" name="Net-(C11-Pad2)">
      <node ref="C11" pin="2"/>
    </net>
    <net code="61" name="Net-(Y1-Pad1)">
      <node ref="Y1" pin="1"/>
    </net>
    <net code="62" name="Net-(X1-Pad8)">
      <node ref="X1" pin="8"/>
    </net>
    <net code="63" name="Net-(X1-Pad7)">
      <node ref="X1" pin="7"/>
    </net>
    <net code="64" name="Net-(X1-Pad14)">
      <node ref="X1" pin="14"/>
    </net>
    <net code="65" name="Net-(X1-Pad1)">
      <node ref="X1" pin="1"/>
    </net>
    <net code="66" name="Net-(R8-Pad2)">
      <node ref="R8" pin="2"/>
    </net>
    <net code="67" name="Net-(R8-Pad1)">
      <node ref="R8" pin="1"/>
    </net>
    <net code="68" name="Net-(R7-Pad2)">
      <node ref="R7" pin="2"/>
    </net>
    <net code="69" name="Net-(R7-Pad1)">
      <node ref="R7" pin="1"/>
    </net>
    <net code="70" name="Net-(U7-Pad6)">
      <node ref="U7" pin="6"/>
    </net>
    <net code="71" name="Net-(U7-Pad5)">
      <node ref="U7" pin="5"/>
    </net>
    <net code="72" name="Net-(C13-Pad1)">
      <node ref="C13" pin="1"/>
    </net>
    <net code="73" name="Net-(C22-Pad2)">
      <node ref="C22" pin="2"/>
    </net>
    <net code="74" name="Net-(C22-Pad1)">
      <node ref="C22" pin="1"/>
    </net>
    <net code="75" name="Net-(C21-Pad2)">
      <node ref="C21" pin="2"/>
    </net>
    <net code="76" name="Net-(C21-Pad1)">
      <node ref="C21" pin="1"/>
    </net>
    <net code="77" name="Net-(L2-Pad2)">
      <node ref="L2" pin="2"/>
    </net>
    <net code="78" name="Net-(L2-Pad1)">
      <node ref="L2" pin="1"/>
    </net>
    <net code="79" name="Net-(C20-Pad2)">
      <node ref="C20" pin="2"/>
    </net>
    <net code="80" name="Net-(C20-Pad1)">
      <node ref="C20" pin="1"/>
    </net>
    <net code="81" name="Net-(C18-Pad2)">
      <node ref="C18" pin="2"/>
    </net>
    <net code="82" name="Net-(C18-Pad1)">
      <node ref="C18" pin="1"/>
    </net>
    <net code="83" name="Net-(C13-Pad2)">
      <node ref="C13" pin="2"/>
    </net>
    <net code="84" name="Net-(U7-Pad4)">
      <node ref="U7" pin="4"/>
    </net>
    <net code="85" name="Net-(C12-Pad2)">
      <node ref="C12" pin="2"/>
    </net>
    <net code="86" name="Net-(C12-Pad1)">
      <node ref="C12" pin="1"/>
    </net>
    <net code="87" name="Net-(C16-Pad2)">
      <node ref="C16" pin="2"/>
    </net>
    <net code="88" name="Net-(C16-Pad1)">
      <node ref="C16" pin="1"/>
    </net>
    <net code="89" name="Net-(C17-Pad2)">
      <node ref="C17" pin="2"/>
    </net>
    <net code="90" name="Net-(C17-Pad1)">
      <node ref="C17" pin="1"/>
    </net>
    <net code="91" name="Net-(C15-Pad2)">
      <node ref="C15" pin="2"/>
    </net>
    <net code="92" name="Net-(C15-Pad1)">
      <node ref="C15" pin="1"/>
    </net>
    <net code="93" name="Net-(C14-Pad2)">
      <node ref="C14" pin="2"/>
    </net>
    <net code="94" name="Net-(C14-Pad1)">
      <node ref="C14" pin="1"/>
    </net>
    <net code="95" name="Net-(C30-Pad2)">
      <node ref="C30" pin="2"/>
      <node ref="L8" pin="1"/>
      <node ref="L7" pin="2"/>
      <node ref="L3" pin="2"/>
      <node ref="C32" pin="1"/>
    </net>
    <net code="96" name="Net-(U7-Pad3)">
      <node ref="U7" pin="3"/>
    </net>
    <net code="97" name="Net-(U7-Pad2)">
      <node ref="U7" pin="2"/>
    </net>
    <net code="98" name="Net-(U7-Pad1)">
      <node ref="U7" pin="1"/>
    </net>
    <net code="99" name="Net-(C40-Pad2)">
      <node ref="C40" pin="2"/>
    </net>
    <net code="100" name="Net-(C40-Pad1)">
      <node ref="C40" pin="1"/>
    </net>
    <net code="101" name="Net-(R9-Pad2)">
      <node ref="R9" pin="2"/>
    </net>
    <net code="102" name="Net-(R9-Pad1)">
      <node ref="R9" pin="1"/>
    </net>
    <net code="103" name="Net-(C41-Pad2)">
      <node ref="C41" pin="2"/>
    </net>
    <net code="104" name="Net-(C41-Pad1)">
      <node ref="C41" pin="1"/>
    </net>
    <net code="105" name="Net-(R10-Pad2)">
      <node ref="R10" pin="2"/>
    </net>
    <net code="106" name="Net-(R10-Pad1)">
      <node ref="R10" pin="1"/>
    </net>
    <net code="107" name="Net-(C38-Pad2)">
      <node ref="C38" pin="2"/>
      <node ref="U9" pin="5"/>
      <node ref="L10" pin="2"/>
    </net>
    <net code="108" name="Net-(L4-Pad1)">
      <node ref="U5" pin="22"/>
      <node ref="L4" pin="1"/>
    </net>
    <net code="109" name="Net-(L3-Pad1)">
      <node ref="U5" pin="23"/>
      <node ref="L3" pin="1"/>
    </net>
    <net code="110" name="Net-(U8-Pad3)">
      <node ref="U8" pin="9"/>
      <node ref="U8" pin="7"/>
      <node ref="U8" pin="6"/>
      <node ref="U8" pin="3"/>
    </net>
    <net code="111" name="Net-(C25-Pad2)">
      <node ref="U5" pin="24"/>
      <node ref="U8" pin="4"/>
      <node ref="C25" pin="2"/>
      <node ref="C27" pin="1"/>
    </net>
    <net code="112" name="Net-(U8-Pad1)">
      <node ref="U8" pin="1"/>
    </net>
    <net code="113" name="Net-(U5-Pad49)">
      <node ref="U5" pin="49"/>
    </net>
    <net code="114" name="Net-(U5-Pad48)">
      <node ref="U5" pin="48"/>
    </net>
    <net code="115" name="Net-(U5-Pad47)">
      <node ref="U5" pin="47"/>
    </net>
    <net code="116" name="Net-(C23-Pad2)">
      <node ref="C23" pin="2"/>
      <node ref="L5" pin="1"/>
    </net>
    <net code="117" name="/LoRa MCU/CTRL1">
      <node ref="U8" pin="2"/>
    </net>
    <net code="118" name="Net-(U5-Pad46)">
      <node ref="U5" pin="46"/>
    </net>
    <net code="119" name="Net-(U5-Pad2)">
      <node ref="U5" pin="2"/>
    </net>
    <net code="120" name="Net-(U5-Pad33)">
      <node ref="U5" pin="33"/>
    </net>
    <net code="121" name="Net-(U5-Pad32)">
      <node ref="U5" pin="32"/>
    </net>
    <net code="122" name="Net-(U5-Pad31)">
      <node ref="U5" pin="31"/>
    </net>
    <net code="123" name="Net-(U5-Pad30)">
      <node ref="U5" pin="30"/>
    </net>
    <net code="124" name="Net-(U5-Pad3)">
      <node ref="U5" pin="3"/>
    </net>
    <net code="125" name="Net-(U5-Pad27)">
      <node ref="U5" pin="27"/>
    </net>
    <net code="126" name="Net-(U5-Pad26)">
      <node ref="U5" pin="26"/>
    </net>
    <net code="127" name="Net-(U5-Pad21)">
      <node ref="U5" pin="21"/>
    </net>
    <net code="128" name="Net-(U5-Pad34)">
      <node ref="U5" pin="34"/>
    </net>
    <net code="129" name="Net-(U5-Pad19)">
      <node ref="U5" pin="19"/>
    </net>
    <net code="130" name="Net-(U5-Pad18)">
      <node ref="U5" pin="18"/>
    </net>
    <net code="131" name="Net-(U5-Pad17)">
      <node ref="U5" pin="17"/>
    </net>
    <net code="132" name="Net-(U5-Pad16)">
      <node ref="U5" pin="16"/>
    </net>
    <net code="133" name="Net-(U5-Pad15)">
      <node ref="U5" pin="15"/>
    </net>
    <net code="134" name="Net-(U5-Pad14)">
      <node ref="U5" pin="14"/>
    </net>
    <net code="135" name="Net-(U5-Pad13)">
      <node ref="U5" pin="13"/>
    </net>
    <net code="136" name="Net-(U5-Pad12)">
      <node ref="U5" pin="12"/>
    </net>
    <net code="137" name="Net-(U5-Pad10)">
      <node ref="U5" pin="10"/>
    </net>
    <net code="138" name="Net-(U5-Pad1)">
      <node ref="U5" pin="1"/>
    </net>
    <net code="139" name="Net-(U5-Pad7)">
      <node ref="U5" pin="7"/>
    </net>
    <net code="140" name="Net-(U5-Pad45)">
      <node ref="U5" pin="45"/>
    </net>
    <net code="141" name="Net-(U5-Pad44)">
      <node ref="U5" pin="44"/>
    </net>
    <net code="142" name="Net-(U5-Pad41)">
      <node ref="U5" pin="41"/>
    </net>
    <net code="143" name="Net-(U5-Pad37)">
      <node ref="U5" pin="37"/>
    </net>
    <net code="144" name="Net-(U5-Pad29)">
      <node ref="U5" pin="29"/>
    </net>
    <net code="145" name="Net-(U5-Pad28)">
      <node ref="U5" pin="28"/>
    </net>
    <net code="146" name="Net-(U5-Pad25)">
      <node ref="U5" pin="25"/>
    </net>
    <net code="147" name="Net-(U5-Pad11)">
      <node ref="U5" pin="11"/>
    </net>
    <net code="148" name="Net-(U5-Pad9)">
      <node ref="U5" pin="9"/>
    </net>
    <net code="149" name="Net-(U5-Pad8)">
      <node ref="U5" pin="8"/>
    </net>
    <net code="150" name="Net-(U5-Pad6)">
      <node ref="U5" pin="6"/>
    </net>
    <net code="151" name="Net-(U5-Pad5)">
      <node ref="U5" pin="5"/>
    </net>
    <net code="152" name="Net-(U5-Pad43)">
      <node ref="U5" pin="43"/>
    </net>
    <net code="153" name="Net-(U5-Pad42)">
      <node ref="U5" pin="42"/>
    </net>
    <net code="154" name="Net-(U5-Pad40)">
      <node ref="U5" pin="40"/>
    </net>
    <net code="155" name="Net-(U5-Pad4)">
      <node ref="U5" pin="4"/>
    </net>
    <net code="156" name="Net-(U5-Pad39)">
      <node ref="U5" pin="39"/>
    </net>
    <net code="157" name="Net-(U5-Pad38)">
      <node ref="U5" pin="38"/>
    </net>
    <net code="158" name="Net-(U5-Pad36)">
      <node ref="U5" pin="36"/>
    </net>
    <net code="159" name="Net-(U5-Pad35)">
      <node ref="U5" pin="35"/>
    </net>
    <net code="160" name="Net-(C44-Pad2)">
      <node ref="C46" pin="2"/>
      <node ref="C44" pin="2"/>
      <node ref="R12" pin="2"/>
    </net>
    <net code="161" name="Net-(C43-Pad1)">
      <node ref="U9" pin="4"/>
      <node ref="C43" pin="1"/>
      <node ref="C44" pin="1"/>
    </net>
    <net code="162" name="Net-(C48-Pad2)">
      <node ref="C48" pin="2"/>
      <node ref="J1" pin="1"/>
      <node ref="R12" pin="1"/>
    </net>
    <net code="163" name="Net-(C43-Pad2)">
      <node ref="L12" pin="1"/>
      <node ref="C43" pin="2"/>
      <node ref="C45" pin="2"/>
    </net>
    <net code="164" name="Net-(U6-Pad6)">
      <node ref="U6" pin="6"/>
    </net>
    <net code="165" name="Net-(U6-Pad5)">
      <node ref="U6" pin="5"/>
    </net>
    <net code="166" name="Net-(U6-Pad4)">
      <node ref="U6" pin="4"/>
    </net>
    <net code="167" name="Net-(U6-Pad3)">
      <node ref="U6" pin="3"/>
    </net>
    <net code="168" name="Net-(U6-Pad2)">
      <node ref="U6" pin="2"/>
    </net>
    <net code="169" name="Net-(U6-Pad1)">
      <node ref="U6" pin="1"/>
    </net>
    <net code="170" name="Net-(U9-Pad1)">
      <node ref="U9" pin="1"/>
    </net>
    <net code="171" name="Net-(U9-Pad7)">
      <node ref="U9" pin="7"/>
    </net>
    <net code="172" name="Net-(U9-Pad8)">
      <node ref="U9" pin="8"/>
    </net>
    <net code="173" name="Net-(U11-Pad4)">
      <node ref="U11" pin="4"/>
    </net>
    <net code="174" name="Net-(U11-Pad5)">
      <node ref="U11" pin="5"/>
    </net>
    <net code="175" name="Net-(U11-Pad6)">
      <node ref="U11" pin="6"/>
    </net>
    <net code="176" name="Net-(U11-Pad7)">
      <node ref="U11" pin="7"/>
    </net>
    <net code="177" name="Net-(U10-Pad1)">
      <node ref="U10" pin="1"/>
    </net>
    <net code="178" name="Net-(U10-Pad10)">
      <node ref="U10" pin="10"/>
    </net>
    <net code="179" name="Net-(U10-Pad11)">
      <node ref="U10" pin="11"/>
    </net>
    <net code="180" name="Net-(U10-Pad12)">
      <node ref="U10" pin="12"/>
    </net>
    <net code="181" name="Net-(U10-Pad2)">
      <node ref="U10" pin="2"/>
    </net>
    <net code="182" name="Net-(U10-Pad3)">
      <node ref="U10" pin="3"/>
    </net>
    <net code="183" name="Net-(U10-Pad4)">
      <node ref="U10" pin="4"/>
    </net>
    <net code="184" name="Net-(U10-Pad5)">
      <node ref="U10" pin="5"/>
    </net>
    <net code="185" name="Net-(U10-Pad6)">
      <node ref="U10" pin="6"/>
    </net>
    <net code="186" name="Net-(U10-Pad7)">
      <node ref="U10" pin="7"/>
    </net>
    <net code="187" name="Net-(U10-Pad8)">
      <node ref="U10" pin="8"/>
    </net>
    <net code="188" name="Net-(U10-Pad9)">
      <node ref="U10" pin="9"/>
    </net>
    <net code="189" name="Net-(U12-Pad4)">
      <node ref="U12" pin="4"/>
    </net>
    <net code="190" name="Net-(U12-Pad1)">
      <node ref="U12" pin="1"/>
    </net>
    <net code="191" name="Net-(U12-Pad10)">
      <node ref="U12" pin="10"/>
    </net>
    <net code="192" name="Net-(U12-Pad11)">
      <node ref="U12" pin="11"/>
    </net>
    <net code="193" name="Net-(U12-Pad12)">
      <node ref="U12" pin="12"/>
    </net>
    <net code="194" name="Net-(U12-Pad13)">
      <node ref="U12" pin="13"/>
    </net>
    <net code="195" name="Net-(U12-Pad14)">
      <node ref="U12" pin="14"/>
    </net>
    <net code="196" name="Net-(U12-Pad2)">
      <node ref="U12" pin="2"/>
    </net>
    <net code="197" name="Net-(U12-Pad3)">
      <node ref="U12" pin="3"/>
    </net>
    <net code="198" name="Net-(U11-Pad3)">
      <node ref="U11" pin="3"/>
    </net>
    <net code="199" name="Net-(U12-Pad5)">
      <node ref="U12" pin="5"/>
    </net>
    <net code="200" name="Net-(U12-Pad6)">
      <node ref="U12" pin="6"/>
    </net>
    <net code="201" name="Net-(U12-Pad7)">
      <node ref="U12" pin="7"/>
    </net>
    <net code="202" name="Net-(U12-Pad8)">
      <node ref="U12" pin="8"/>
    </net>
    <net code="203" name="Net-(U12-Pad9)">
      <node ref="U12" pin="9"/>
    </net>
    <net code="204" name="Net-(U11-Pad1)">
      <node ref="U11" pin="1"/>
    </net>
    <net code="205" name="Net-(U11-Pad2)">
      <node ref="U11" pin="2"/>
    </net>
  </nets>
</export>
